Workbook
Name Slicer_Diabetes_Status: #N/A
Name Slicer_Weight_Status: #N/A

Sheet Customer Names
A1: Customer ID | B1: Title | C1: First Name | D1: Last Name
A2: Id1 | B2: Hawks | C2: Ms.Kelly
A3: Id2 | B3: Lehner | C3: Mr.Matthew | D3: D
A4: Id3 | B4: Lu | C4: Mr.Phil | F4: Question No:2
A5: Id4 | B5: Osborne | C5: Ms.Kelsey
A6: Id5 | B6: Kadala | C6: Ms.Kristyn | F6: DATA TRANSFORMATION
A7: Id6 | B7: Baker | C7: Mr.Russell | D7: B
A8: Id7 | B8: Macpherson | C8: Mr.Scott | F8: 1.Split the Columns in Customer Names
A9: Id8 | B9: Hallman | C9: Mr.Stephen
A10: Id9 | B10: Moran | C10: Mr.Patrick | D10: R | F10: Using Text to Column Delimiter to separate the three columns
A11: Id10 | B11: Benner | C11: Ms.Brooke | D11: N
A12: Id11 | B12: Fierro Vargas | C12: Ms.Paola | D12: Andrea
A13: Id12 | B13: Franz | C13: Mr.David
A14: Id13 | B14: Foster | C14: Mr.Wade
A15: Id14 | B15: Tenorio | C15: Mr.Franklin
A16: Id15 | B16: Rios | C16: Ms.Leilani | D16: M
A17: Id16 | B17: Viau-Dupuis | C17: Mr.Philippe
A18: Id17 | B18: Cronin | C18: Ms.Jennifer | D18: A
A19: Id18 | B19: Noordstar | C19: Ms.Christina | D19: M
A20: Id19 | B20: Boudalia | C20: Mr.Said | D20: Sr
A21: Id20 | B21: Flor | C21: Mr.John
A22: Id21 | B22: Fennon | C22: Mr.Myles
A23: Id22 | B23: Hribar | C23: Ms.Madelyn | D23: C
A24: Id23 | B24: Tassello | C24: Ms.Nicole
A25: Id24 | B25: Mauricette | C25: Mr.Eric | D25: A
A26: Id25 | B26: Garcia | C26: Mr.Emiliano | D26: I
A27: Id26 | B27: Airoldi | C27: Mr.Adam
A28: Id27 | B28: Cater-Cyker | C28: Mr.Zach
A29: Id28 | B29: Hamm | C29: Ms.Stephanie | D29: W
A30: Id29 | B30: Cox | C30: Mr.Stephen
A31: Id30 | B31: Sachrajda | C31: Ms.Natalie
A32: Id31 | B32: Gareri | C32: Ms.Nicole | D32: J
A33: Id32 | B33: Welch | C33: Mr.Jefferson | D33: D
A34: Id33 | B34: Prindiville | C34: Mr.Brendan | D34: D
A35: Id34 | B35: Kincaid | C35: Ms.Courtney
A36: Id35 | B36: Bruestle | C36: Ms.Sydney | D36: L
A37: Id36 | B37: Lachance | C37: Mr.Julien
A38: Id37 | B38: Eason | C38: Mr.Ryan | D38: M
A39: Id38 | B39: Grummon | C39: Ms.Anna | D39: H
A40: Id39 | B40: Vanwechel | C40: Ms.Samantha
A41: Id40 | B41: Fisher | C41: Mr.Robert
A42: Id41 | B42: Jenkins | C42: Mr.James | D42: R
A43: Id42 | B43: Peters | C43: Ms.Roseann
A44: Id43 | B44: Aha | C44: Ms.Nicole
A45: Id44 | B45: Mcelwain | C45: Mr.Spencer
A46: Id45 | B46: Januszewski | C46: Mr.Eric | D46: W
A47: Id46 | B47: Rohne | C47: Ms.Brianna | D47: L
A48: Id47 | B48: O'Grady | C48: Mr.Thomas | D48: J
A49: Id48 | B49: Peters | C49: Ms.Melissa | D49: L
A50: Id49 | B50: De Simone | C50: Mr.Flavio
A51: Id50 | B51: Beckett | C51: Mr.Ryan
A52: Id51 | B52: Sobrilsky | C52: Mr.Anthony | D52: J
A53: Id52 | B53: Wang | C53: Ms.Alex
A54: Id53 | B54: Campa | C54: Mr.David
A55: Id54 | B55: Clifford | C55: Mr.Andrew | D55: B
A56: Id55 | B56: Dalmata | C56: Ms.Dara | D56: E
A57: Id56 | B57: Vishik | C57: Ms.Inna
A58: Id57 | B58: Schorr | C58: Mr.Ari
A59: Id58 | B59: Lusardi | C59: Ms.Lindsey
A60: Id59 | B60: Rayner | C60: Mr.Kenny
A61: Id60 | B61: Voghel | C61: Ms.Louise
A62: Id61 | B62: Rieth | C62: Mr.Cameron
A63: Id62 | B63: Gollotto | C63: Ms.Katie | D63: T
A64: Id63 | B64: Dunn | C64: Ms.Casey
A65: Id64 | B65: Blitzer | C65: Mr.David
A66: Id65 | B66: Smith | C66: Mr.Bryson | D66: C
A67: Id66 | B67: Hyland | C67: Ms.Megan
A68: Id67 | B68: Ducharme | C68: Mr.Daniel
A69: Id68 | B69: Johnson | C69: Mr.Steven | D69: M
A70: Id69 | B70: Mutz | C70: Ms.Jenna | D70: L
A71: Id70 | B71: Lee | C71: Mr.Freeman
A72: Id71 | B72: Turner | C72: Mr.Jeff
A73: Id72 | B73: Rangel | C73: Mr.Elenilton | D73: V
A74: Id73 | B74: Lacey | C74: Ms.Maurya
A75: Id74 | B75: Stiger | C75: Ms.Samantha | D75: C
A76: Id75 | B76: Caldwell | C76: Ms.Bethany | D76: A
A77: Id76 | B77: Marmillod | C77: Mr.Yves
A78: Id77 | B78: Cloutier-Simons | C78: Ms.Danielle
A79: Id78 | B79: Vegas | C79: Ms.Julia
A80: Id79 | B80: Cochran | C80: Mr.Joshua
A81: Id80 | B81: Holtzapple | C81: Ms.Jennifer
A82: Id81 | B82: Meyer | C82: Ms.Gwen | D82: M
A83: Id82 | B83: Brickley | C83: Mr.Patrick
A84: Id83 | B84: Magee | C84: Ms.Kate
A85: Id84 | B85: Thoma | C85: Mr.Kevin
A86: Id85 | B86: Heagy | C86: Mr.Stephen | D86: Ii
A87: Id86 | B87: Regnier | C87: Mr.Philip
A88: Id87 | B88: Parendo | C88: Mr.Brett | D88: A
A89: Id88 | B89: Schell | C89: Ms.Rebecca
A90: Id89 | B90: Driscoll | C90: Ms.Kelley
A91: Id90 | B91: Mitchell | C91: Ms.Abigail | D91: K
A92: Id91 | B92: Cutler | C92: Ms.Hope
A93: Id92 | B93: Derian | C93: Ms.Elyse | D93: M
A94: Id93 | B94: Farina | C94: Mr.Nicholas
A95: Id94 | B95: Saunders | C95: Mr.David
A96: Id95 | B96: Kratz | C96: Ms.Natalie
A97: Id96 | B97: Boland | C97: Mr.Thomas
A98: Id97 | B98: Van Hout | C98: Ms.Pamela | D98: J
A99: Id98 | B99: Ramsey | C99: Ms.Jessica
A100: Id99 | B100: Gage | C100: Mr.Ron | D100: N
...

Sheet Data Cleaning in Medical Examin
A1: Customer ID | B1: BMI | C1: Weight Status | D1: HBA1C | E1: Diabetes Status | F1: Heart Issues | G1: Any Transplants | H1: Cancer History | I1: Number of Major Surgeries | J1: Smoker | K1: Smoker
A2: Id1 | B2: 47.41 | C2: =IF(B2<18.5,"Under Weight",IF(B2<25,"Normal Weight",IF(B2<30,"Over Weight","Obesity"))) -> Obesity | D2: 7.47 | E2: =IF(D2<5.7,"Normal",IF(D2<6.4,"Prediabetes","Diabetes")) -> Diabetes | F2: No | G2: No | H2: No | I2: No Major Surgery | J2: Yes | K2: =IF(J2="?","No",J2) -> Yes
A3: Id2 | B3: 30.36 | C3: =IF(B3<18.5,"Under Weight",IF(B3<25,"Normal Weight",IF(B3<30,"Over Weight","Obesity"))) -> Obesity | D3: 5.77 | E3: =IF(D3<5.7,"Normal",IF(D3<6.4,"Prediabetes","Diabetes")) -> Prediabetes | F3: No | G3: No | H3: No | I3: No Major Surgery | J3: Yes | K3: =IF(J3="?","No",J3) -> Yes
A4: Id3 | B4: 34.485 | C4: =IF(B4<18.5,"Under Weight",IF(B4<25,"Normal Weight",IF(B4<30,"Over Weight","Obesity"))) -> Obesity | D4: 11.87 | E4: =IF(D4<5.7,"Normal",IF(D4<6.4,"Prediabetes","Diabetes")) -> Diabetes | F4: Yes | G4: No | H4: No | I4: 2 Major Surgery | J4: Yes | K4: =IF(J4="?","No",J4) -> Yes | N4: Question No:1 | Q4: Question No:2
A5: Id4 | B5: 38.095 | C5: =IF(B5<18.5,"Under Weight",IF(B5<25,"Normal Weight",IF(B5<30,"Over Weight","Obesity"))) -> Obesity | D5: 6.05 | E5: =IF(D5<5.7,"Normal",IF(D5<6.4,"Prediabetes","Diabetes")) -> Prediabetes | F5: No | G5: No | H5: No | I5: No Major Surgery | J5: Yes | K5: =IF(J5="?","No",J5) -> Yes
A6: Id5 | B6: 35.53 | C6: =IF(B6<18.5,"Under Weight",IF(B6<25,"Normal Weight",IF(B6<30,"Over Weight","Obesity"))) -> Obesity | D6: 5.45 | E6: =IF(D6<5.7,"Normal",IF(D6<6.4,"Prediabetes","Diabetes")) -> Normal | F6: No | G6: No | H6: No | I6: No Major Surgery | J6: Yes | K6: =IF(J6="?","No",J6) -> Yes | N6: DATA CLEANING | Q6: DATA TRANSFORMATION
A7: Id6 | B7: 32.8 | C7: =IF(B7<18.5,"Under Weight",IF(B7<25,"Normal Weight",IF(B7<30,"Over Weight","Obesity"))) -> Obesity | D7: 6.59 | E7: =IF(D7<5.7,"Normal",IF(D7<6.4,"Prediabetes","Diabetes")) -> Diabetes | F7: No | G7: No | H7: No | I7: No Major Surgery | J7: Yes | K7: =IF(J7="?","No",J7) -> Yes
A8: Id7 | B8: 36.4 | C8: =IF(B8<18.5,"Under Weight",IF(B8<25,"Normal Weight",IF(B8<30,"Over Weight","Obesity"))) -> Obesity | D8: 6.07 | E8: =IF(D8<5.7,"Normal",IF(D8<6.4,"Prediabetes","Diabetes")) -> Prediabetes | F8: No | G8: No | H8: No | I8: No Major Surgery | J8: Yes | K8: =IF(J8="?","No",J8) -> Yes | N8: 1.Check the no of Missing Values in Medical Examinations | Q8: 4.Weight Status
A9: Id8 | B9: 36.96 | C9: =IF(B9<18.5,"Under Weight",IF(B9<25,"Normal Weight",IF(B9<30,"Over Weight","Obesity"))) -> Obesity | D9: 7.93 | E9: =IF(D9<5.7,"Normal",IF(D9<6.4,"Prediabetes","Diabetes")) -> Diabetes | F9: No | G9: No | H9: No | I9: 3 Major Surgery | J9: Yes | K9: =IF(J9="?","No",J9) -> Yes
A10: Id9 | B10: 41.14 | C10: =IF(B10<18.5,"Under Weight",IF(B10<25,"Normal Weight",IF(B10<30,"Over Weight","Obesity"))) -> Obesity | D10: 9.58 | E10: =IF(D10<5.7,"Normal",IF(D10<6.4,"Prediabetes","Diabetes")) -> Diabetes | F10: Yes | G10: No | H10: Yes | I10: 1 Major Surgery | J10: Yes | K10: =IF(J10="?","No",J10) -> Yes | N10: Using Countif Function | Q10: Using If Function
A11: Id10 | B11: 38.06 | C11: =IF(B11<18.5,"Under Weight",IF(B11<25,"Normal Weight",IF(B11<30,"Over Weight","Obesity"))) -> Obesity | D11: 10.79 | E11: =IF(D11<5.7,"Normal",IF(D11<6.4,"Prediabetes","Diabetes")) -> Diabetes | F11: No | G11: No | H11: No | I11: No Major Surgery | J11: Yes | K11: =IF(J11="?","No",J11) -> Yes | N11: I find that 2 missing Values in Smoker Column and another columns are no missing values | Q11: IF(B2<18.5,"Under Weight",IF(B2<25,"Normal Weight",IF(B2<30,"Over weight","Obesity")))
A12: Id11 | B12: 37.7 | C12: =IF(B12<18.5,"Under Weight",IF(B12<25,"Normal Weight",IF(B12<30,"Over Weight","Obesity"))) -> Obesity | D12: 5.96 | E12: =IF(D12<5.7,"Normal",IF(D12<6.4,"Prediabetes","Diabetes")) -> Prediabetes | F12: Yes | G12: No | H12: No | I12: 2 Major Surgery | J12: Yes | K12: =IF(J12="?","No",J12) -> Yes
A13: Id12 | B13: 42.13 | C13: =IF(B13<18.5,"Under Weight",IF(B13<25,"Normal Weight",IF(B13<30,"Over Weight","Obesity"))) -> Obesity | D13: 11.9 | E13: =IF(D13<5.7,"Normal",IF(D13<6.4,"Prediabetes","Diabetes")) -> Diabetes | F13: No | G13: No | H13: No | I13: No Major Surgery | J13: Yes | K13: =IF(J13="?","No",J13) -> Yes | N13: COUNTIF(H2:H2336,"?")
A14: Id13 | B14: 40.92 | C14: =IF(B14<18.5,"Under Weight",IF(B14<25,"Normal Weight",IF(B14<30,"Over Weight","Obesity"))) -> Obesity | D14: 8.41 | E14: =IF(D14<5.7,"Normal",IF(D14<6.4,"Prediabetes","Diabetes")) -> Diabetes | F14: No | G14: No | H14: No | I14: No Major Surgery | J14: Yes | K14: =IF(J14="?","No",J14) -> Yes | N14: =COUNTIF(J3:J2337,"?") -> 2
A15: Id14 | B15: 40.565 | C15: =IF(B15<18.5,"Under Weight",IF(B15<25,"Normal Weight",IF(B15<30,"Over Weight","Obesity"))) -> Obesity | D15: 7.02 | E15: =IF(D15<5.7,"Normal",IF(D15<6.4,"Prediabetes","Diabetes")) -> Diabetes | F15: No | G15: No | H15: No | I15: No Major Surgery | J15: Yes | K15: =IF(J15="?","No",J15) -> Yes
A16: Id15 | B16: 36.385 | C16: =IF(B16<18.5,"Under Weight",IF(B16<25,"Normal Weight",IF(B16<30,"Over Weight","Obesity"))) -> Obesity | D16: 7.59 | E16: =IF(D16<5.7,"Normal",IF(D16<6.4,"Prediabetes","Diabetes")) -> Diabetes | F16: Yes | G16: No | H16: No | I16: 2 Major Surgery | J16: Yes | K16: =IF(J16="?","No",J16) -> Yes
A17: Id16 | B17: 39.9 | C17: =IF(B17<18.5,"Under Weight",IF(B17<25,"Normal Weight",IF(B17<30,"Over Weight","Obesity"))) -> Obesity | D17: 11.32 | E17: =IF(D17<5.7,"Normal",IF(D17<6.4,"Prediabetes","Diabetes")) -> Diabetes | F17: No | G17: No | H17: No | I17: No Major Surgery | J17: Yes | K17: =IF(J17="?","No",J17) -> Yes | N17: 3.Frequently Occuring Values in Smoker Column
A18: Id17 | B18: 33.8 | C18: =IF(B18<18.5,"Under Weight",IF(B18<25,"Normal Weight",IF(B18<30,"Over Weight","Obesity"))) -> Obesity | D18: 7.67 | E18: =IF(D18<5.7,"Normal",IF(D18<6.4,"Prediabetes","Diabetes")) -> Diabetes | F18: No | G18: No | H18: No | I18: 3 Major Surgery | J18: Yes | K18: =IF(J18="?","No",J18) -> Yes
A19: Id18 | B19: 36.765 | C19: =IF(B19<18.5,"Under Weight",IF(B19<25,"Normal Weight",IF(B19<30,"Over Weight","Obesity"))) -> Obesity | D19: 7.29 | E19: =IF(D19<5.7,"Normal",IF(D19<6.4,"Prediabetes","Diabetes")) -> Diabetes | F19: Yes | G19: No | H19: Yes | I19: 1 Major Surgery | J19: Yes | K19: =IF(J19="?","No",J19) -> Yes | N19: I find that No Smokers are frequently occuring this column
A20: Id19 | B20: 36.955 | C20: =IF(B20<18.5,"Under Weight",IF(B20<25,"Normal Weight",IF(B20<30,"Over Weight","Obesity"))) -> Obesity | D20: 4.72 | E20: =IF(D20<5.7,"Normal",IF(D20<6.4,"Prediabetes","Diabetes")) -> Normal | F20: Yes | G20: No | H20: No | I20: 1 Major Surgery | J20: Yes | K20: =IF(J20="?","No",J20) -> Yes | N20: IF(H2="?","No",H2)
A21: Id20 | B21: 42.9 | C21: =IF(B21<18.5,"Under Weight",IF(B21<25,"Normal Weight",IF(B21<30,"Over Weight","Obesity"))) -> Obesity | D21: 11.41 | E21: =IF(D21<5.7,"Normal",IF(D21<6.4,"Prediabetes","Diabetes")) -> Diabetes | F21: No | G21: No | H21: No | I21: No Major Surgery | J21: Yes | K21: =IF(J21="?","No",J21) -> Yes
A22: Id21 | B22: 36.3 | C22: =IF(B22<18.5,"Under Weight",IF(B22<25,"Normal Weight",IF(B22<30,"Over Weight","Obesity"))) -> Obesity | D22: 11.5 | E22: =IF(D22<5.7,"Normal",IF(D22<6.4,"Prediabetes","Diabetes")) -> Diabetes | F22: Yes | G22: No | H22: No | I22: 2 Major Surgery | J22: Yes | K22: =IF(J22="?","No",J22) -> Yes
A23: Id22 | B23: 32.2 | C23: =IF(B23<18.5,"Under Weight",IF(B23<25,"Normal Weight",IF(B23<30,"Over Weight","Obesity"))) -> Obesity | D23: 6.22 | E23: =IF(D23<5.7,"Normal",IF(D23<6.4,"Prediabetes","Diabetes")) -> Prediabetes | F23: Yes | G23: No | H23: No | I23: 2 Major Surgery | J23: Yes | K23: =IF(J23="?","No",J23) -> Yes
A24: Id23 | B24: 31.3 | C24: =IF(B24<18.5,"Under Weight",IF(B24<25,"Normal Weight",IF(B24<30,"Over Weight","Obesity"))) -> Obesity | D24: 11.38 | E24: =IF(D24<5.7,"Normal",IF(D24<6.4,"Prediabetes","Diabetes")) -> Diabetes | F24: No | G24: No | H24: No | I24: 3 Major Surgery | J24: Yes | K24: =IF(J24="?","No",J24) -> Yes
A25: Id24 | B25: 41.8 | C25: =IF(B25<18.5,"Under Weight",IF(B25<25,"Normal Weight",IF(B25<30,"Over Weight","Obesity"))) -> Obesity | D25: 7.89 | E25: =IF(D25<5.7,"Normal",IF(D25<6.4,"Prediabetes","Diabetes")) -> Diabetes | F25: Yes | G25: No | H25: No | I25: 2 Major Surgery | J25: Yes | K25: =IF(J25="?","No",J25) -> Yes
A26: Id25 | B26: 35.09 | C26: =IF(B26<18.5,"Under Weight",IF(B26<25,"Normal Weight",IF(B26<30,"Over Weight","Obesity"))) -> Obesity | D26: 4.38 | E26: =IF(D26<5.7,"Normal",IF(D26<6.4,"Prediabetes","Diabetes")) -> Normal | F26: Yes | G26: No | H26: No | I26: 2 Major Surgery | J26: Yes | K26: =IF(J26="?","No",J26) -> Yes
A27: Id26 | B27: 33.88 | C27: =IF(B27<18.5,"Under Weight",IF(B27<25,"Normal Weight",IF(B27<30,"Over Weight","Obesity"))) -> Obesity | D27: 7.01 | E27: =IF(D27<5.7,"Normal",IF(D27<6.4,"Prediabetes","Diabetes")) -> Diabetes | F27: No | G27: No | H27: No | I27: 3 Major Surgery | J27: Yes | K27: =IF(J27="?","No",J27) -> Yes
A28: Id27 | B28: 30.875 | C28: =IF(B28<18.5,"Under Weight",IF(B28<25,"Normal Weight",IF(B28<30,"Over Weight","Obesity"))) -> Obesity | D28: 11.88 | E28: =IF(D28<5.7,"Normal",IF(D28<6.4,"Prediabetes","Diabetes")) -> Diabetes | F28: No | G28: No | H28: No | I28: No Major Surgery | J28: Yes | K28: =IF(J28="?","No",J28) -> Yes
A29: Id28 | B29: 36.86 | C29: =IF(B29<18.5,"Under Weight",IF(B29<25,"Normal Weight",IF(B29<30,"Over Weight","Obesity"))) -> Obesity | D29: 5.19 | E29: =IF(D29<5.7,"Normal",IF(D29<6.4,"Prediabetes","Diabetes")) -> Normal | F29: Yes | G29: No | H29: Yes | I29: 1 Major Surgery | J29: Yes | K29: =IF(J29="?","No",J29) -> Yes
A30: Id29 | B30: 35.86 | C30: =IF(B30<18.5,"Under Weight",IF(B30<25,"Normal Weight",IF(B30<30,"Over Weight","Obesity"))) -> Obesity | D30: 6.74 | E30: =IF(D30<5.7,"Normal",IF(D30<6.4,"Prediabetes","Diabetes")) -> Diabetes | F30: Yes | G30: No | H30: No | I30: 2 Major Surgery | J30: Yes | K30: =IF(J30="?","No",J30) -> Yes
A31: Id30 | B31: 37.05 | C31: =IF(B31<18.5,"Under Weight",IF(B31<25,"Normal Weight",IF(B31<30,"Over Weight","Obesity"))) -> Obesity | D31: 8.44 | E31: =IF(D31<5.7,"Normal",IF(D31<6.4,"Prediabetes","Diabetes")) -> Diabetes | F31: No | G31: No | H31: No | I31: No Major Surgery | J31: Yes | K31: =IF(J31="?","No",J31) -> Yes
A32: Id31 | B32: 43.89 | C32: =IF(B32<18.5,"Under Weight",IF(B32<25,"Normal Weight",IF(B32<30,"Over Weight","Obesity"))) -> Obesity | D32: 8.71 | E32: =IF(D32<5.7,"Normal",IF(D32<6.4,"Prediabetes","Diabetes")) -> Diabetes | F32: No | G32: No | H32: No | I32: No Major Surgery | J32: Yes | K32: =IF(J32="?","No",J32) -> Yes
... A2336: Id2335 | B2336: 17.58 | C2336: =IF(B2336<18.5,"Under Weight",IF(B2336<25,"Normal Weight",IF(B2336<30,"Over Weight","Obesity"))) -> Under Weight | D2336: 4.51 | E2336: =IF(D2336<5.7,"Normal",IF(D2336<6.4,"Prediabetes","Diabetes")) -> Normal | F2336: No | G2336: No | H2336: No | I2336: 1 Major Surgery | J2336: No | K2336: =IF(J2336="?","No",J2336) -> No

Sheet DataCleaning in Hospitalisation
A1: Customer ID | B1: Year | C1: Month | D1: Date | E1: Date of Birth | F1: Age | G1: Children | H1: Charges | I1: Hospital tier | J1: City tier | K1: State ID
A2: Id2335 | B2: 1992 | C2: Jul | D2: 9 | E2: =CONCATENATE(D2,"-",C2,"-",B2) -> 9-Jul-1992 | F2: =2023-B2 -> 31 | G2: 0 | H2: 563.84 | I2: tier - 2 | J2: tier - 3 | K2: R1013
A3: Id2334 | B3: 1992 | C3: Nov | D3: 30 | E3: =CONCATENATE(D3,"-",C3,"-",B3) -> 30-Nov-1992 | F3: =2023-B3 -> 31 | G3: 0 | H3: 570.62 | I3: tier - 2 | J3: tier - 1 | K3: R1013
A4: Id2333 | B4: 1993 | C4: Jun | D4: 30 | E4: =CONCATENATE(D4,"-",C4,"-",B4) -> 30-Jun-1993 | F4: =2023-B4 -> 30 | G4: 0 | H4: 600 | I4: tier - 2 | J4: tier - 1 | K4: R1013 | O4: Question No:1 | R4: Question No:2
A5: Id2332 | B5: 1992 | C5: Sep | D5: 13 | E5: =CONCATENATE(D5,"-",C5,"-",B5) -> 13-Sep-1992 | F5: =2023-B5 -> 31 | G5: 0 | H5: 604.54 | I5: tier - 3 | J5: tier - 3 | K5: R1013
A6: Id2331 | B6: 1998 | C6: Jul | D6: 27 | E6: =CONCATENATE(D6,"-",C6,"-",B6) -> 27-Jul-1998 | F6: =2023-B6 -> 25 | G6: 0 | H6: 637.26 | I6: tier - 3 | J6: tier - 3 | K6: R1013 | O6: DATA CLEANING | R6: DATA TRANSFORMATION
A7: Id2330 | B7: 2001 | C7: Nov | D7: 20 | E7: =CONCATENATE(D7,"-",C7,"-",B7) -> 20-Nov-2001 | F7: =2023-B7 -> 22 | G7: 0 | H7: 646.14 | I7: tier - 3 | J7: tier - 3 | K7: R1012
A8: Id2329 | B8: 1993 | C8: Jun | D8: 1 | E8: =CONCATENATE(D8,"-",C8,"-",B8) -> 1-Jun-1993 | F8: =2023-B8 -> 30 | G8: 0 | H8: 650 | I8: tier - 3 | J8: tier - 3 | K8: R1013 | O8: 1.Check the no of Missing Values in Hospitalisation Details | R8: 1.Convert the Numerical Data to Non Numerical Characters with Numerical Values
A9: Id2328 | B9: 1995 | C9: Jul | D9: 4 | E9: =CONCATENATE(D9,"-",C9,"-",B9) -> 4-Jul-1995 | F9: =2023-B9 -> 28 | G9: 0 | H9: 650 | I9: tier - 3 | J9: tier - 3 | K9: R1013
A10: Id2327 | B10: 2002 | C10: Nov | D10: 29 | E10: =CONCATENATE(D10,"-",C10,"-",B10) -> 29-Nov-2002 | F10: =2023-B10 -> 21 | G10: 0 | H10: 668 | I10: tier - 3 | J10: tier - 2 | K10: R1012 | O10: Using Countif Function | R10: Using Find and Replace function to replace the Numerical Data to Non Numerical Characters with Meaning Numerical values.
A11: Id2326 | B11: 1997 | C11: Nov | D11: 9 | E11: =CONCATENATE(D11,"-",C11,"-",B11) -> 9-Nov-1997 | F11: =2023-B11 -> 26 | G11: 0 | H11: 670 | I11: tier - 3 | J11: tier - 3 | K11: R1013 | O11: I find that Missing Values are there in six columns
A12: Id2325 | B12: 2001 | C12: Sep | D12: 12 | E12: =CONCATENATE(D12,"-",C12,"-",B12) -> 12-Sep-2001 | F12: =2023-B12 -> 22 | G12: 0 | H12: 687.54 | I12: tier - 3 | J12: tier - 2 | K12: R1013 | R12: 2.Check the inconsistent data in Heart Issue and Smoker Columns
A13: Id2324 | B13: 1999 | C13: Dec | D13: 26 | E13: =CONCATENATE(D13,"-",C13,"-",B13) -> 26-Dec-1999 | F13: =2023-B13 -> 24 | G13: 0 | H13: 700 | I13: tier - 2 | J13: tier - 3 | K13: R1013 | O13: Customer Id
A14: Id2323 | B14: 1999 | C14: Dec | D14: 14 | E14: =CONCATENATE(D14,"-",C14,"-",B14) -> 14-Dec-1999 | F14: =2023-B14 -> 24 | G14: 0 | H14: 722.99 | I14: tier - 3 | J14: tier - 1 | K14: R1013 | O14: COUNTIF(A1:A2338,"?") | R14: No Inconsistent Data in this columns
A15: Id2322 | B15: 2002 | C15: Sep | D15: 19 | E15: =CONCATENATE(D15,"-",C15,"-",B15) -> 19-Sep-2002 | F15: =2023-B15 -> 21 | G15: 0 | H15: 750 | I15: tier - 3 | J15: tier - 1 | K15: R1012 | O15: =COUNTIF(A2:A2339,"?") -> 0
A16: Id2321 | B16: 1993 | C16: Aug | D16: 9 | E16: =CONCATENATE(D16,"-",C16,"-",B16) -> 9-Aug-1993 | F16: =2023-B16 -> 30 | G16: 0 | H16: 760 | I16: tier - 3 | J16: tier - 1 | K16: R1013 | R16: 5.Merge the Date,Month and Year
A17: Id2320 | B17: 1996 | C17: Oct | D17: 22 | E17: =CONCATENATE(D17,"-",C17,"-",B17) -> 22-Oct-1996 | F17: =2023-B17 -> 27 | G17: 0 | H17: 760 | I17: tier - 3 | J17: tier - 3 | K17: R1013 | O17: Year
A18: Id2319 | B18: 1993 | C18: Jun | D18: 28 | E18: =CONCATENATE(D18,"-",C18,"-",B18) -> 28-Jun-1993 | F18: =2023-B18 -> 30 | G18: 0 | H18: 770 | I18: tier - 3 | J18: tier - 3 | K18: R1013 | O18: COUNTIF(B1:B2343,"?") | R18: Concatenate(D2,"-",C2,"-",B2)
A19: Id2318 | B19: 1996 | C19: Sep | D19: 18 | E19: =CONCATENATE(D19,"-",C19,"-",B19) -> 18-Sep-1996 | F19: =2023-B19 -> 27 | G19: 0 | H19: 770.38 | I19: tier - 3 | J19: tier - 2 | K19: R1012 | O19: =COUNTIF(B2:B2344,"?") -> 0
A20: Id2317 | B20: 1995 | C20: Dec | D20: 7 | E20: =CONCATENATE(D20,"-",C20,"-",B20) -> 7-Dec-1995 | F20: =2023-B20 -> 28 | G20: 0 | H20: 773.54 | I20: tier - 3 | J20: tier - 2 | K20: R1013
A21: Id2316 | B21: 2004 | C21: Oct | D21: 7 | E21: =CONCATENATE(D21,"-",C21,"-",B21) -> 7-Oct-2004 | F21: =2023-B21 -> 19 | G21: 0 | H21: 830.52 | I21: tier - 3 | J21: tier - 2 | K21: R1011
A22: Id2315 | B22: 2000 | C22: Nov | D22: 18 | E22: =CONCATENATE(D22,"-",C22,"-",B22) -> 18-Nov-2000 | F22: =2023-B22 -> 23 | G22: 0 | H22: 865.41 | I22: tier - 3 | J22: tier - 1 | K22: R1013 | O22: Month
A23: Id2314 | B23: 1993 | C23: Nov | D23: 27 | E23: =CONCATENATE(D23,"-",C23,"-",B23) -> 27-Nov-1993 | F23: =2023-B23 -> 30 | G23: 0 | H23: 896.21 | I23: tier - 3 | J23: tier - 1 | K23: R1013 | O23: COUNTIF(C1:C2343,"?")
A24: Id2313 | B24: 1994 | C24: Oct | D24: 30 | E24: =CONCATENATE(D24,"-",C24,"-",B24) -> 30-Oct-1994 | F24: =2023-B24 -> 29 | G24: 0 | H24: 915.07 | I24: tier - 3 | J24: tier - 1 | K24: R1013 | O24: =COUNTIF(C2:C2344,"?") -> 0
A25: Id2312 | B25: 1995 | C25: Oct | D25: 28 | E25: =CONCATENATE(D25,"-",C25,"-",B25) -> 28-Oct-1995 | F25: =2023-B25 -> 28 | G25: 0 | H25: 928.59 | I25: tier - 3 | J25: tier - 1 | K25: R1013
A26: Id2311 | B26: 2001 | C26: Aug | D26: 19 | E26: =CONCATENATE(D26,"-",C26,"-",B26) -> 19-Aug-2001 | F26: =2023-B26 -> 22 | G26: 0 | H26: 964.71 | I26: tier - 3 | J26: tier - 2 | K26: R1013 | O26: Date,Children and Charges columns are there is no missing values
A27: Id2310 | B27: 1994 | C27: Nov | D27: 22 | E27: =CONCATENATE(D27,"-",C27,"-",B27) -> 22-Nov-1994 | F27: =2023-B27 -> 29 | G27: 0 | H27: 1006.65 | I27: tier - 3 | J27: tier - 2 | K27: R1013
A28: Id2309 | B28: 2000 | C28: Oct | D28: 9 | E28: =CONCATENATE(D28,"-",C28,"-",B28) -> 9-Oct-2000 | F28: =2023-B28 -> 23 | G28: 0 | H28: 1012 | I28: tier - 3 | J28: tier - 2 | K28: R1013 | O28: Hospital tier
A29: Id2308 | B29: 1999 | C29: Aug | D29: 5 | E29: =CONCATENATE(D29,"-",C29,"-",B29) -> 5-Aug-1999 | F29: =2023-B29 -> 24 | G29: 0 | H29: 1019 | I29: tier - 3 | J29: tier - 2 | K29: R1013 | O29: COUNTIF(G1:G2343,"?")
A30: Id2307 | B30: 1995 | C30: Oct | D30: 5 | E30: =CONCATENATE(D30,"-",C30,"-",B30) -> 5-Oct-1995 | F30: =2023-B30 -> 28 | G30: 0 | H30: 1033.74 | I30: tier - 3 | J30: tier - 1 | K30: R1013 | O30: =COUNTIF(I2:I2344,"?") -> 0
A31: Id2306 | B31: 1994 | C31: Nov | D31: 17 | E31: =CONCATENATE(D31,"-",C31,"-",B31) -> 17-Nov-1994 | F31: =2023-B31 -> 29 | G31: 0 | H31: 1044 | I31: tier - 3 | J31: tier - 2 | K31: R1013
A32: Id2305 | B32: 2002 | C32: Jul | D32: 20 | E32: =CONCATENATE(D32,"-",C32,"-",B32) -> 20-Jul-2002 | F32: =2023-B32 -> 21 | G32: 0 | H32: 1047 | I32: tier - 3 | J32: tier - 1 | K32: R1013
A33: Id2304 | B33: 2002 | C33: Jul | D33: 1 | E33: =CONCATENATE(D33,"-",C33,"-",B33) -> 1-Jul-2002 | F33: =2023-B33 -> 21 | G33: 0 | H33: 1049 | I33: tier - 3 | J33: tier - 2 | K33: R1012 | O33: City tier
A34: Id2303 | B34: 1995 | C34: Jun | D34: 1 | E34: =CONCATENATE(D34,"-",C34,"-",B34) -> 1-Jun-1995 | F34: =2023-B34 -> 28 | G34: 0 | H34: 1056 | I34: tier - 3 | J34: tier - 2 | K34: R1013 | O34: COUNTIF(H1:H2343,"?")
A35: Id2302 | B35: 1993 | C35: Sep | D35: 28 | E35: =CONCATENATE(D35,"-",C35,"-",B35) -> 28-Sep-1993 | F35: =2023-B35 -> 30 | G35: 0 | H35: 1068 | I35: tier - 3 | J35: tier - 1 | K35: R1013 | O35: =COUNTIF(J2:J2344,"?") -> 0
A36: Id2301 | B36: 2004 | C36: Aug | D36: 24 | E36: =CONCATENATE(D36,"-",C36,"-",B36) -> 24-Aug-2004 | F36: =2023-B36 -> 19 | G36: 0 | H36: 1070 | I36: tier - 3 | J36: tier - 3 | K36: R1013
A37: Id2300 | B37: 1997 | C37: Aug | D37: 13 | E37: =CONCATENATE(D37,"-",C37,"-",B37) -> 13-Aug-1997 | F37: =2023-B37 -> 26 | G37: 0 | H37: 1071 | I37: tier - 3 | J37: tier - 3 | K37: R1013
A38: Id2299 | B38: 1998 | C38: Dec | D38: 26 | E38: =CONCATENATE(D38,"-",C38,"-",B38) -> 26-Dec-1998 | F38: =2023-B38 -> 25 | G38: 0 | H38: 1082 | I38: tier - 3 | J38: tier - 2 | K38: R1013 | O38: State ID
A39: Id2298 | B39: 2002 | C39: Aug | D39: 13 | E39: =CONCATENATE(D39,"-",C39,"-",B39) -> 13-Aug-2002 | F39: =2023-B39 -> 21 | G39: 0 | H39: 1086 | I39: tier - 3 | J39: tier - 3 | K39: R1013 | O39: COUNTIF(I1:I2343,"?")
A40: Id2297 | B40: 2004 | C40: Nov | D40: 12 | E40: =CONCATENATE(D40,"-",C40,"-",B40) -> 12-Nov-2004 | F40: =2023-B40 -> 19 | G40: 0 | H40: 1121.87 | I40: tier - 3 | J40: tier - 1 | K40: R1013 | O40: =COUNTIF(K2:K2344,"?") -> 0
A41: Id2296 | B41: 2004 | C41: Jun | D41: 14 | E41: =CONCATENATE(D41,"-",C41,"-",B41) -> 14-Jun-2004 | F41: =2023-B41 -> 19 | G41: 0 | H41: 1131.51 | I41: tier - 3 | J41: tier - 1 | K41: R1013
A42: Id2295 | B42: 2002 | C42: Jul | D42: 19 | E42: =CONCATENATE(D42,"-",C42,"-",B42) -> 19-Jul-2002 | F42: =2023-B42 -> 21 | G42: 0 | H42: 1132 | I42: tier - 3 | J42: tier - 1 | K42: R1013
A43: Id2294 | B43: 2004 | C43: Oct | D43: 6 | E43: =CONCATENATE(D43,"-",C43,"-",B43) -> 6-Oct-2004 | F43: =2023-B43 -> 19 | G43: 0 | H43: 1135 | I43: tier - 3 | J43: tier - 3 | K43: R1013 | O43: 2.Fill the Missing Values of Month with Sep
A44: Id2293 | B44: 2004 | C44: Jun | D44: 11 | E44: =CONCATENATE(D44,"-",C44,"-",B44) -> 11-Jun-2004 | F44: =2023-B44 -> 19 | G44: 0 | H44: 1135.94 | I44: tier - 3 | J44: tier - 3 | K44: R1013
A45: Id2292 | B45: 2004 | C45: Nov | D45: 28 | E45: =CONCATENATE(D45,"-",C45,"-",B45) -> 28-Nov-2004 | F45: =2023-B45 -> 19 | G45: 0 | H45: 1136.4 | I45: tier - 3 | J45: tier - 3 | K45: R1013 | O45: Using IF Function to replace the missing values
A46: Id2291 | B46: 2002 | C46: Aug | D46: 11 | E46: =CONCATENATE(D46,"-",C46,"-",B46) -> 11-Aug-2002 | F46: =2023-B46 -> 21 | G46: 0 | H46: 1137 | I46: tier - 3 | J46: tier - 1 | K46: R1013 | O46: IF(C2="?","Sep",C2)
A47: Unknown | B47: 2004 | C47: Nov | D47: 6 | E47: =CONCATENATE(D47,"-",C47,"-",B47) -> 6-Nov-2004 | F47: =2023-B47 -> 19 | G47: 0 | H47: 1137.01 | I47: tier - 3 | J47: tier - 1 | K47: R1013
A48: Id2290 | B48: 2004 | C48: Oct | D48: 15 | E48: =CONCATENATE(D48,"-",C48,"-",B48) -> 15-Oct-2004 | F48: =2023-B48 -> 19 | G48: 0 | H48: 1137.01 | I48: tier - 3 | J48: tier - 1 | K48: R1013 | O48: 2.Fill the Missing Values of Year with Average
A49: Id2289 | B49: 2004 | C49: Nov | D49: 27 | E49: =CONCATENATE(D49,"-",C49,"-",B49) -> 27-Nov-2004 | F49: =2023-B49 -> 19 | G49: 0 | H49: 1137.47 | I49: tier - 3 | J49: tier - 2 | K49: R1013
A50: Id2288 | B50: 2001 | C50: Oct | D50: 25 | E50: =CONCATENATE(D50,"-",C50,"-",B50) -> 25-Oct-2001 | F50: =2023-B50 -> 22 | G50: 0 | H50: 1141 | I50: tier - 3 | J50: tier - 1 | K50: R1013 | O50: Using IF Function to replace the missing values
A51: Id2287 | B51: 2004 | C51: Sep | D51: 12 | E51: =CONCATENATE(D51,"-",C51,"-",B51) -> 12-Sep-2004 | F51: =2023-B51 -> 19 | G51: 0 | H51: 1141.45 | I51: tier - 3 | J51: tier - 3 | K51: R1013
A52: Id2286 | B52: 2002 | C52: Oct | D52: 1 | E52: =CONCATENATE(D52,"-",C52,"-",B52) -> 1-Oct-2002 | F52: =2023-B52 -> 21 | G52: 0 | H52: 1142 | I52: tier - 3 | J52: tier - 2 | K52: R1011 | O52: IF(B2="?",Average($B$2:$B$2344),B2)
A53: Id2285 | B53: 2004 | C53: Jun | D53: 10 | E53: =CONCATENATE(D53,"-",C53,"-",B53) -> 10-Jun-2004 | F53: =2023-B53 -> 19 | G53: 0 | H53: 1146.8 | I53: tier - 2 | J53: tier - 2 | K53: R1013 | O53: =AVERAGE(B3:B2345) -> 1982.846
A54: Id2284 | B54: 2003 | C54: Jun | D54: 12 | E54: =CONCATENATE(D54,"-",C54,"-",B54) -> 12-Jun-2003 | F54: =2023-B54 -> 20 | G54: 0 | H54: 1149 | I54: tier - 2 | J54: tier - 1 | K54: R1012
A55: Id2283 | B55: 2004 | C55: Jul | D55: 18 | E55: =CONCATENATE(D55,"-",C55,"-",B55) -> 18-Jul-2004 | F55: =2023-B55 -> 19 | G55: 0 | H55: 1149.4 | I55: tier - 2 | J55: tier - 2 | K55: R1013 | O55: Using Round Function
A56: Id2282 | B56: 1994 | C56: Jul | D56: 26 | E56: =CONCATENATE(D56,"-",C56,"-",B56) -> 26-Jul-1994 | F56: =2023-B56 -> 29 | G56: 0 | H56: 1158.32 | I56: tier - 2 | J56: tier - 1 | K56: R1013 | O56: =ROUND(O53,0) -> 1983
A57: Id2281 | B57: 2004 | C57: Nov | D57: 11 | E57: =CONCATENATE(D57,"-",C57,"-",B57) -> 11-Nov-2004 | F57: =2023-B57 -> 19 | G57: 0 | H57: 1163.46 | I57: tier - 2 | J57: tier - 3 | K57: R1013
A58: Id2280 | B58: 2002 | C58: Jun | D58: 11 | E58: =CONCATENATE(D58,"-",C58,"-",B58) -> 11-Jun-2002 | F58: =2023-B58 -> 21 | G58: 0 | H58: 1165 | I58: tier - 2 | J58: tier - 3 | K58: R1012
A59: Id2279 | B59: 2001 | C59: Nov | D59: 12 | E59: =CONCATENATE(D59,"-",C59,"-",B59) -> 12-Nov-2001 | F59: =2023-B59 -> 22 | G59: 0 | H59: 1167 | I59: tier - 2 | J59: tier - 1 | K59: R1013 | O59: 3.Frequently Occuring Values in Hospital Tier
A60: Id2278 | B60: 1996 | C60: Aug | D60: 11 | E60: =CONCATENATE(D60,"-",C60,"-",B60) -> 11-Aug-1996 | F60: =2023-B60 -> 27 | G60: 0 | H60: 1178 | I60: tier - 2 | J60: tier - 3 | K60: R1013
A61: Id2277 | B61: 1997 | C61: Jun | D61: 28 | E61: =CONCATENATE(D61,"-",C61,"-",B61) -> 28-Jun-1997 | F61: =2023-B61 -> 26 | G61: 0 | H61: 1178.07 | I61: tier - 2 | J61: tier - 2 | K61: R1013 | O61: I find that tier-2 are frequently occuring this column using Right with mode functions
A62: Id2276 | B62: 2002 | C62: Aug | D62: 26 | E62: =CONCATENATE(D62,"-",C62,"-",B62) -> 26-Aug-2002 | F62: =2023-B62 -> 21 | G62: 0 | H62: 1191 | I62: tier - 2 | J62: tier - 1 | K62: R1013
A63: Id2275 | B63: 1999 | C63: Jun | D63: 28 | E63: =CONCATENATE(D63,"-",C63,"-",B63) -> 28-Jun-1999 | F63: =2023-B63 -> 24 | G63: 0 | H63: 1200 | I63: tier - 2 | J63: tier - 3 | K63: R1012 | O63: IF(J2="?","tier - 2,J2)
A64: Id2274 | B64: 1992 | C64: Oct | D64: 6 | E64: =CONCATENATE(D64,"-",C64,"-",B64) -> 6-Oct-1992 | F64: =2023-B64 -> 31 | G64: 0 | H64: 1200.55 | I64: tier - 2 | J64: tier - 3 | K64: R1013
A65: Id2273 | B65: 2004 | C65: Jun | D65: 2 | E65: =CONCATENATE(D65,"-",C65,"-",B65) -> 2-Jun-2004 | F65: =2023-B65 -> 19 | G65: 0 | H65: 1210 | I65: tier - 2 | J65: tier - 1 | K65: R1013
A66: Id2272 | B66: 1996 | C66: Nov | D66: 4 | E66: =CONCATENATE(D66,"-",C66,"-",B66) -> 4-Nov-1996 | F66: =2023-B66 -> 27 | G66: 0 | H66: 1220 | I66: tier - 2 | J66: tier - 3 | K66: R1012 | O66: 3.Frequently Occuring Values in City Tier
A67: Id2271 | B67: 2004 | C67: Jul | D67: 9 | E67: =CONCATENATE(D67,"-",C67,"-",B67) -> 9-Jul-2004 | F67: =2023-B67 -> 19 | G67: 0 | H67: 1224 | I67: tier - 2 | J67: tier - 1 | K67: R1013
A68: Id2270 | B68: 2004 | C68: Oct | D68: 16 | E68: =CONCATENATE(D68,"-",C68,"-",B68) -> 16-Oct-2004 | F68: =2023-B68 -> 19 | G68: 0 | H68: 1228 | I68: tier - 2 | J68: tier - 1 | K68: R1012 | O68: I find that tier-2 are frequently occuring this column using Right with mode functions
A69: Id2269 | B69: 1998 | C69: Jul | D69: 13 | E69: =CONCATENATE(D69,"-",C69,"-",B69) -> 13-Jul-1998 | F69: =2023-B69 -> 25 | G69: 0 | H69: 1234 | I69: tier - 2 | J69: tier - 1 | K69: R1013
A70: Id2268 | B70: 2002 | C70: Dec | D70: 12 | E70: =CONCATENATE(D70,"-",C70,"-",B70) -> 12-Dec-2002 | F70: =2023-B70 -> 21 | G70: 0 | H70: 1237 | I70: tier - 2 | J70: tier - 2 | K70: R1013 | O70: IF(M2="?","tier - 2,M2)
A71: Id2267 | B71: 1998 | C71: Oct | D71: 11 | E71: =CONCATENATE(D71,"-",C71,"-",B71) -> 11-Oct-1998 | F71: =2023-B71 -> 25 | G71: 0 | H71: 1240 | I71: tier - 2 | J71: tier - 1 | K71: R1012
A72: Id2266 | B72: 2002 | C72: Jul | D72: 1 | E72: =CONCATENATE(D72,"-",C72,"-",B72) -> 1-Jul-2002 | F72: =2023-B72 -> 21 | G72: 0 | H72: 1241 | I72: tier - 2 | J72: tier - 2 | K72: R1013
A73: Id2265 | B73: 2003 | C73: Aug | D73: 2 | E73: =CONCATENATE(D73,"-",C73,"-",B73) -> 2-Aug-2003 | F73: =2023-B73 -> 20 | G73: 0 | H73: 1241.57 | I73: tier - 2 | J73: tier - 2 | K73: R1011 | O73: 4.Missing Values in State Id Column
A74: Id2264 | B74: 2003 | C74: Sep | D74: 15 | E74: =CONCATENATE(D74,"-",C74,"-",B74) -> 15-Sep-2003 | F74: =2023-B74 -> 20 | G74: 0 | H74: 1242.26 | I74: tier - 2 | J74: tier - 1 | K74: R1011
A75: Id2263 | B75: 2003 | C75: Sep | D75: 8 | E75: =CONCATENATE(D75,"-",C75,"-",B75) -> 8-Sep-2003 | F75: =2023-B75 -> 20 | G75: 0 | H75: 1242.82 | I75: tier - 2 | J75: tier - 1 | K75: R1011 | O75: Using Unknown to fill the missing values in this column
A76: Id2262 | B76: 2003 | C76: Sep | D76: 15 | E76: =CONCATENATE(D76,"-",C76,"-",B76) -> 15-Sep-2003 | F76: =2023-B76 -> 20 | G76: 0 | H76: 1252.41 | I76: tier - 2 | J76: tier - 3 | K76: R1011 | O76: IF(N2="?","UNKNOWN",N2)
A77: Id2261 | B77: 1997 | C77: Nov | D77: 4 | E77: =CONCATENATE(D77,"-",C77,"-",B77) -> 4-Nov-1997 | F77: =2023-B77 -> 26 | G77: 0 | H77: 1253 | I77: tier - 2 | J77: tier - 2 | K77: R1013
A78: Id2260 | B78: 2003 | C78: Dec | D78: 10 | E78: =CONCATENATE(D78,"-",C78,"-",B78) -> 10-Dec-2003 | F78: =2023-B78 -> 20 | G78: 0 | H78: 1253.94 | I78: tier - 2 | J78: tier - 2 | K78: R1011
A79: Id2259 | B79: 2003 | C79: Oct | D79: 13 | E79: =CONCATENATE(D79,"-",C79,"-",B79) -> 13-Oct-2003 | F79: =2023-B79 -> 20 | G79: 0 | H79: 1256.3 | I79: tier - 2 | J79: tier - 3 | K79: R1011
A80: Id2258 | B80: 2003 | C80: Oct | D80: 30 | E80: =CONCATENATE(D80,"-",C80,"-",B80) -> 30-Oct-2003 | F80: =2023-B80 -> 20 | G80: 0 | H80: 1261.44 | I80: tier - 2 | J80: tier - 3 | K80: R1011
A81: Id2257 | B81: 2003 | C81: Aug | D81: 15 | E81: =CONCATENATE(D81,"-",C81,"-",B81) -> 15-Aug-2003 | F81: =2023-B81 -> 20 | G81: 0 | H81: 1261.86 | I81: tier - 2 | J81: tier - 3 | K81: R1011
A82: Id2256 | B82: 2003 | C82: Nov | D82: 21 | E82: =CONCATENATE(D82,"-",C82,"-",B82) -> 21-Nov-2003 | F82: =2023-B82 -> 20 | G82: 0 | H82: 1263.25 | I82: tier - 2 | J82: tier - 3 | K82: R1011
A83: Id2255 | B83: 2002 | C83: Dec | D83: 4 | E83: =CONCATENATE(D83,"-",C83,"-",B83) -> 4-Dec-2002 | F83: =2023-B83 -> 21 | G83: 0 | H83: 1267 | I83: tier - 2 | J83: tier - 1 | K83: R1013
A84: Id2254 | B84: 1997 | C84: Oct | D84: 26 | E84: =CONCATENATE(D84,"-",C84,"-",B84) -> 26-Oct-1997 | F84: =2023-B84 -> 26 | G84: 0 | H84: 1276 | I84: tier - 2 | J84: tier - 2 | K84: R1012
A85: Id2253 | B85: 2004 | C85: Sep | D85: 30 | E85: =CONCATENATE(D85,"-",C85,"-",B85) -> 30-Sep-2004 | F85: =2023-B85 -> 19 | G85: 0 | H85: 1283 | I85: tier - 2 | J85: tier - 1 | K85: R1013
A86: Id2252 | B86: 2004 | C86: Jul | D86: 28 | E86: =CONCATENATE(D86,"-",C86,"-",B86) -> 28-Jul-2004 | F86: =2023-B86 -> 19 | G86: 0 | H86: 1285 | I86: tier - 2 | J86: tier - 3 | K86: R1013
A87: Id2251 | B87: 2000 | C87: Jun | D87: 26 | E87: =CONCATENATE(D87,"-",C87,"-",B87) -> 26-Jun-2000 | F87: =2023-B87 -> 23 | G87: 0 | H87: 1286 | I87: tier - 2 | J87: tier - 2 | K87: R1013
A88: Id2250 | B88: 1998 | C88: Jun | D88: 4 | E88: =CONCATENATE(D88,"-",C88,"-",B88) -> 4-Jun-1998 | F88: =2023-B88 -> 25 | G88: 0 | H88: 1290.93 | I88: tier - 2 | J88: tier - 2 | K88: R1013
... A2339: Id1 | B2339: 1962 | C2339: Aug | D2339: 4 | E2339: =CONCATENATE(D2339,"-",C2339,"-",B2339) -> 4-Aug-1962 | F2339: =2023-B2339 -> 61 | G2339: 0 | H2339: 52590.83 | I2339: tier - 1 | J2339: tier - 3 | K2339: R1011

Sheet Health Care
A1: Customer ID | B1: First Name | C1: BMI | D1: HBA1C | E1: Heart Issues | F1: Any Transplants | G1: Cancer History | H1: Number of Major Surgeries | I1: Smoker | J1: Weight Status | K1: Diabetes Status | L1: Date of Birth | M1: Charges | N1: Hospital Tier | O1: City Tier | P1: State ID | Q1: Age
A2: Id1 | B2: =_xlfn.XLOOKUP(A2,'Customer Names'!$A$2:$A$2336,'Customer Names'!$C$2:$C$2336) -> Ms.Kelly | C2: =_xlfn.XLOOKUP(A2,'Data Cleaning in Medical Examin'!$A$2:$A$2336,'Data Cleaning in Medical Examin'!$B$2:$B$2336) -> 47.41 | D2: =_xlfn.XLOOKUP(A2,'Data Cleaning in Medical Examin'!$A$2:$A$2336,'Data Cleaning in Medical Examin'!$D$2:$D$2336) -> 7.47 | E2: =_xlfn.XLOOKUP(A2,'Data Cleaning in Medical Examin'!$A$2:$A$2336,'Data Cleaning in Medical Examin'!$F$2:$F$2336) -> No | F2: =_xlfn.XLOOKUP(A2,'Data Cleaning in Medical Examin'!$A$2:$A$2336,'Data Cleaning in Medical Examin'!$G$2:$G$2336) -> No | G2: =_xlfn.XLOOKUP(A2,'Data Cleaning in Medical Examin'!$A$2:$A$2336,'Data Cleaning in Medical Examin'!$H$2:$H$2336) -> No | H2: =_xlfn.XLOOKUP(A2,'Data Cleaning in Medical Examin'!$A$2:$A$2336,'Data Cleaning in Medical Examin'!$I$2:$I$2336) -> No Major Surgery | I2: =_xlfn.XLOOKUP(A2,'Data Cleaning in Medical Examin'!$A$2:$A$2336,'Data Cleaning in Medical Examin'!$J$2:$J$2336) -> Yes | J2: =_xlfn.XLOOKUP(A2,'Data Cleaning in Medical Examin'!$A$2:$A$2336,'Data Cleaning in Medical Examin'!$C$2:$C$2336) -> Obesity | K2: =_xlfn.XLOOKUP(A2,'Data Cleaning in Medical Examin'!$A$2:$A$2336,'Data Cleaning in Medical Examin'!$E$2:$E$2336) -> Diabetes | L2: =_xlfn.XLOOKUP(A2,'DataCleaning in Hospitalisation'!$A$2:$A$2339,'DataCleaning in Hospitalisation'!$E$2:$E$2339) -> 4-Aug-1962 | M2: =_xlfn.XLOOKUP(A2,'DataCleaning in Hospitalisation'!$A$2:$A$2339,'DataCleaning in Hospitalisation'!$H$2:$H$2339) -> 52590.83 | N2: =_xlfn.XLOOKUP(A2,'DataCleaning in Hospitalisation'!$A$2:$A$2339,'DataCleaning in Hospitalisation'!$I$2:$I$2339) -> tier - 1 | O2: =_xlfn.XLOOKUP(A2,'DataCleaning in Hospitalisation'!$A$2:$A$2339,'DataCleaning in Hospitalisation'!$J$2:$J$2339) -> tier - 3 | P2: =_xlfn.XLOOKUP(A2,'DataCleaning in Hospitalisation'!$A$2:$A$2339,'DataCleaning in Hospitalisation'!$K$2:$K$2339) -> R1011 | Q2: =_xlfn.XLOOKUP(A2,'DataCleaning in Hospitalisation'!$A$2:$A$2339,'DataCleaning in Hospitalisation'!$F$2:$F$2339) -> 61 | U2: Row Labels | V2: Count of Charges | X2: Row Labels | Y2: Sum of Charges | AJ2: Row Labels | AK2: Average of Charges | AX2: Row Labels | AY2: Count of Charges
A3: Id2 | B3: =_xlfn.XLOOKUP(A3,'Customer Names'!$A$2:$A$2336,'Customer Names'!$C$2:$C$2336) -> Mr.Matthew | C3: =_xlfn.XLOOKUP(A3,'Data Cleaning in Medical Examin'!$A$2:$A$2336,'Data Cleaning in Medical Examin'!$B$2:$B$2336) -> 30.36 | D3: =_xlfn.XLOOKUP(A3,'Data Cleaning in Medical Examin'!$A$2:$A$2336,'Data Cleaning in Medical Examin'!$D$2:$D$2336) -> 5.77 | E3: =_xlfn.XLOOKUP(A3,'Data Cleaning in Medical Examin'!$A$2:$A$2336,'Data Cleaning in Medical Examin'!$F$2:$F$2336) -> No | F3: =_xlfn.XLOOKUP(A3,'Data Cleaning in Medical Examin'!$A$2:$A$2336,'Data Cleaning in Medical Examin'!$G$2:$G$2336) -> No | G3: =_xlfn.XLOOKUP(A3,'Data Cleaning in Medical Examin'!$A$2:$A$2336,'Data Cleaning in Medical Examin'!$H$2:$H$2336) -> No | H3: =_xlfn.XLOOKUP(A3,'Data Cleaning in Medical Examin'!$A$2:$A$2336,'Data Cleaning in Medical Examin'!$I$2:$I$2336) -> No Major Surgery | I3: =_xlfn.XLOOKUP(A3,'Data Cleaning in Medical Examin'!$A$2:$A$2336,'Data Cleaning in Medical Examin'!$J$2:$J$2336) -> Yes | J3: =_xlfn.XLOOKUP(A3,'Data Cleaning in Medical Examin'!$A$2:$A$2336,'Data Cleaning in Medical Examin'!$C$2:$C$2336) -> Obesity | K3: =_xlfn.XLOOKUP(A3,'Data Cleaning in Medical Examin'!$A$2:$A$2336,'Data Cleaning in Medical Examin'!$E$2:$E$2336) -> Prediabetes | L3: =_xlfn.XLOOKUP(A3,'DataCleaning in Hospitalisation'!$A$2:$A$2339,'DataCleaning in Hospitalisation'!$E$2:$E$2339) -> 27-Oct-1994 | M3: =_xlfn.XLOOKUP(A3,'DataCleaning in Hospitalisation'!$A$2:$A$2339,'DataCleaning in Hospitalisation'!$H$2:$H$2339) -> 51194.56 | N3: =_xlfn.XLOOKUP(A3,'DataCleaning in Hospitalisation'!$A$2:$A$2339,'DataCleaning in Hospitalisation'!$I$2:$I$2339) -> tier - 1 | O3: =_xlfn.XLOOKUP(A3,'DataCleaning in Hospitalisation'!$A$2:$A$2339,'DataCleaning in Hospitalisation'!$J$2:$J$2339) -> tier - 3 | P3: =_xlfn.XLOOKUP(A3,'DataCleaning in Hospitalisation'!$A$2:$A$2339,'DataCleaning in Hospitalisation'!$K$2:$K$2339) -> R1011 | Q3: =_xlfn.XLOOKUP(A3,'DataCleaning in Hospitalisation'!$A$2:$A$2339,'DataCleaning in Hospitalisation'!$F$2:$F$2339) -> 29 | U3: Id1 | V3: 1 | X3: Id1 | Y3: 52590.83 | AJ3: Id1 | AK3: 52590.83 | AX3: tier - 1 | AY3: 730
A4: Id3 | B4: =_xlfn.XLOOKUP(A4,'Customer Names'!$A$2:$A$2336,'Customer Names'!$C$2:$C$2336) -> Mr.Phil | C4: =_xlfn.XLOOKUP(A4,'Data Cleaning in Medical Examin'!$A$2:$A$2336,'Data Cleaning in Medical Examin'!$B$2:$B$2336) -> 34.485 | D4: =_xlfn.XLOOKUP(A4,'Data Cleaning in Medical Examin'!$A$2:$A$2336,'Data Cleaning in Medical Examin'!$D$2:$D$2336) -> 11.87 | E4: =_xlfn.XLOOKUP(A4,'Data Cleaning in Medical Examin'!$A$2:$A$2336,'Data Cleaning in Medical Examin'!$F$2:$F$2336) -> Yes | F4: =_xlfn.XLOOKUP(A4,'Data Cleaning in Medical Examin'!$A$2:$A$2336,'Data Cleaning in Medical Examin'!$G$2:$G$2336) -> No | G4: =_xlfn.XLOOKUP(A4,'Data Cleaning in Medical Examin'!$A$2:$A$2336,'Data Cleaning in Medical Examin'!$H$2:$H$2336) -> No | H4: =_xlfn.XLOOKUP(A4,'Data Cleaning in Medical Examin'!$A$2:$A$2336,'Data Cleaning in Medical Examin'!$I$2:$I$2336) -> 2 Major Surgery | I4: =_xlfn.XLOOKUP(A4,'Data Cleaning in Medical Examin'!$A$2:$A$2336,'Data Cleaning in Medical Examin'!$J$2:$J$2336) -> Yes | J4: =_xlfn.XLOOKUP(A4,'Data Cleaning in Medical Examin'!$A$2:$A$2336,'Data Cleaning in Medical Examin'!$C$2:$C$2336) -> Obesity | K4: =_xlfn.XLOOKUP(A4,'Data Cleaning in Medical Examin'!$A$2:$A$2336,'Data Cleaning in Medical Examin'!$E$2:$E$2336) -> Diabetes | L4: =_xlfn.XLOOKUP(A4,'DataCleaning in Hospitalisation'!$A$2:$A$2339,'DataCleaning in Hospitalisation'!$E$2:$E$2339) -> 27-Jun-1958 | M4: =_xlfn.XLOOKUP(A4,'DataCleaning in Hospitalisation'!$A$2:$A$2339,'DataCleaning in Hospitalisation'!$H$2:$H$2339) -> 49577.66 | N4: =_xlfn.XLOOKUP(A4,'DataCleaning in Hospitalisation'!$A$2:$A$2339,'DataCleaning in Hospitalisation'!$I$2:$I$2339) -> tier - 2 | O4: =_xlfn.XLOOKUP(A4,'DataCleaning in Hospitalisation'!$A$2:$A$2339,'DataCleaning in Hospitalisation'!$J$2:$J$2339) -> tier - 2 | P4: =_xlfn.XLOOKUP(A4,'DataCleaning in Hospitalisation'!$A$2:$A$2339,'DataCleaning in Hospitalisation'!$K$2:$K$2339) -> R1013 | Q4: =_xlfn.XLOOKUP(A4,'DataCleaning in Hospitalisation'!$A$2:$A$2339,'DataCleaning in Hospitalisation'!$F$2:$F$2339) -> 65 | U4: tier - 1 | V4: 1 | X4: Id10 | Y4: 48517.56 | AJ4: Id10 | AK4: 48517.56 | AX4: tier - 2 | AY4: 812
A5: Id4 | B5: =_xlfn.XLOOKUP(A5,'Customer Names'!$A$2:$A$2336,'Customer Names'!$C$2:$C$2336) -> Ms.Kelsey | C5: =_xlfn.XLOOKUP(A5,'Data Cleaning in Medical Examin'!$A$2:$A$2336,'Data Cleaning in Medical Examin'!$B$2:$B$2336) -> 38.095 | D5: =_xlfn.XLOOKUP(A5,'Data Cleaning in Medical Examin'!$A$2:$A$2336,'Data Cleaning in Medical Examin'!$D$2:$D$2336) -> 6.05 | E5: =_xlfn.XLOOKUP(A5,'Data Cleaning in Medical Examin'!$A$2:$A$2336,'Data Cleaning in Medical Examin'!$F$2:$F$2336) -> No | F5: =_xlfn.XLOOKUP(A5,'Data Cleaning in Medical Examin'!$A$2:$A$2336,'Data Cleaning in Medical Examin'!$G$2:$G$2336) -> No | G5: =_xlfn.XLOOKUP(A5,'Data Cleaning in Medical Examin'!$A$2:$A$2336,'Data Cleaning in Medical Examin'!$H$2:$H$2336) -> No | H5: =_xlfn.XLOOKUP(A5,'Data Cleaning in Medical Examin'!$A$2:$A$2336,'Data Cleaning in Medical Examin'!$I$2:$I$2336) -> No Major Surgery | I5: =_xlfn.XLOOKUP(A5,'Data Cleaning in Medical Examin'!$A$2:$A$2336,'Data Cleaning in Medical Examin'!$J$2:$J$2336) -> Yes | J5: =_xlfn.XLOOKUP(A5,'Data Cleaning in Medical Examin'!$A$2:$A$2336,'Data Cleaning in Medical Examin'!$C$2:$C$2336) -> Obesity | K5: =_xlfn.XLOOKUP(A5,'Data Cleaning in Medical Examin'!$A$2:$A$2336,'Data Cleaning in Medical Examin'!$E$2:$E$2336) -> Prediabetes | L5: =_xlfn.XLOOKUP(A5,'DataCleaning in Hospitalisation'!$A$2:$A$2339,'DataCleaning in Hospitalisation'!$E$2:$E$2339) -> 4-Sep-1963 | M5: =_xlfn.XLOOKUP(A5,'DataCleaning in Hospitalisation'!$A$2:$A$2339,'DataCleaning in Hospitalisation'!$H$2:$H$2339) -> 48970.25 | N5: =_xlfn.XLOOKUP(A5,'DataCleaning in Hospitalisation'!$A$2:$A$2339,'DataCleaning in Hospitalisation'!$I$2:$I$2339) -> tier - 1 | O5: =_xlfn.XLOOKUP(A5,'DataCleaning in Hospitalisation'!$A$2:$A$2339,'DataCleaning in Hospitalisation'!$J$2:$J$2339) -> tier - 2 | P5: =_xlfn.XLOOKUP(A5,'DataCleaning in Hospitalisation'!$A$2:$A$2339,'DataCleaning in Hospitalisation'!$K$2:$K$2339) -> R1013 | Q5: =_xlfn.XLOOKUP(A5,'DataCleaning in Hospitalisation'!$A$2:$A$2339,'DataCleaning in Hospitalisation'!$F$2:$F$2339) -> 60 | U5: No Major Surgery | V5: 1 | X5: Id100 | Y5: 40103.89 | AJ5: Id100 | AK5: 40103.89 | AX5: tier - 3 | AY5: 793
A6: Id5 | B6: =_xlfn.XLOOKUP(A6,'Customer Names'!$A$2:$A$2336,'Customer Names'!$C$2:$C$2336) -> Ms.Kristyn | C6: =_xlfn.XLOOKUP(A6,'Data Cleaning in Medical Examin'!$A$2:$A$2336,'Data Cleaning in Medical Examin'!$B$2:$B$2336) -> 35.53 | D6: =_xlfn.XLOOKUP(A6,'Data Cleaning in Medical Examin'!$A$2:$A$2336,'Data Cleaning in Medical Examin'!$D$2:$D$2336) -> 5.45 | E6: =_xlfn.XLOOKUP(A6,'Data Cleaning in Medical Examin'!$A$2:$A$2336,'Data Cleaning in Medical Examin'!$F$2:$F$2336) -> No | F6: =_xlfn.XLOOKUP(A6,'Data Cleaning in Medical Examin'!$A$2:$A$2336,'Data Cleaning in Medical Examin'!$G$2:$G$2336) -> No | G6: =_xlfn.XLOOKUP(A6,'Data Cleaning in Medical Examin'!$A$2:$A$2336,'Data Cleaning in Medical Examin'!$H$2:$H$2336) -> No | H6: =_xlfn.XLOOKUP(A6,'Data Cleaning in Medical Examin'!$A$2:$A$2336,'Data Cleaning in Medical Examin'!$I$2:$I$2336) -> No Major Surgery | I6: =_xlfn.XLOOKUP(A6,'Data Cleaning in Medical Examin'!$A$2:$A$2336,'Data Cleaning in Medical Examin'!$J$2:$J$2336) -> Yes | J6: =_xlfn.XLOOKUP(A6,'Data Cleaning in Medical Examin'!$A$2:$A$2336,'Data Cleaning in Medical Examin'!$C$2:$C$2336) -> Obesity | K6: =_xlfn.XLOOKUP(A6,'Data Cleaning in Medical Examin'!$A$2:$A$2336,'Data Cleaning in Medical Examin'!$E$2:$E$2336) -> Normal | L6: =_xlfn.XLOOKUP(A6,'DataCleaning in Hospitalisation'!$A$2:$A$2339,'DataCleaning in Hospitalisation'!$E$2:$E$2339) -> 29-Dec-1978 | M6: =_xlfn.XLOOKUP(A6,'DataCleaning in Hospitalisation'!$A$2:$A$2339,'DataCleaning in Hospitalisation'!$H$2:$H$2339) -> 48885.14 | N6: =_xlfn.XLOOKUP(A6,'DataCleaning in Hospitalisation'!$A$2:$A$2339,'DataCleaning in Hospitalisation'!$I$2:$I$2339) -> tier - 1 | O6: =_xlfn.XLOOKUP(A6,'DataCleaning in Hospitalisation'!$A$2:$A$2339,'DataCleaning in Hospitalisation'!$J$2:$J$2339) -> tier - 2 | P6: =_xlfn.XLOOKUP(A6,'DataCleaning in Hospitalisation'!$A$2:$A$2339,'DataCleaning in Hospitalisation'!$K$2:$K$2339) -> R1013 | Q6: =_xlfn.XLOOKUP(A6,'DataCleaning in Hospitalisation'!$A$2:$A$2339,'DataCleaning in Hospitalisation'!$F$2:$F$2339) -> 45 | U6: tier - 3 | V6: 1 | X6: Id1000 | Y6: 11217.35 | AJ6: Id1000 | AK6: 11217.35 | AX6: Grand Total | AY6: 2335
A7: Id6 | B7: =_xlfn.XLOOKUP(A7,'Customer Names'!$A$2:$A$2336,'Customer Names'!$C$2:$C$2336) -> Mr.Russell | C7: =_xlfn.XLOOKUP(A7,'Data Cleaning in Medical Examin'!$A$2:$A$2336,'Data Cleaning in Medical Examin'!$B$2:$B$2336) -> 32.8 | D7: =_xlfn.XLOOKUP(A7,'Data Cleaning in Medical Examin'!$A$2:$A$2336,'Data Cleaning in Medical Examin'!$D$2:$D$2336) -> 6.59 | E7: =_xlfn.XLOOKUP(A7,'Data Cleaning in Medical Examin'!$A$2:$A$2336,'Data Cleaning in Medical Examin'!$F$2:$F$2336) -> No | F7: =_xlfn.XLOOKUP(A7,'Data Cleaning in Medical Examin'!$A$2:$A$2336,'Data Cleaning in Medical Examin'!$G$2:$G$2336) -> No | G7: =_xlfn.XLOOKUP(A7,'Data Cleaning in Medical Examin'!$A$2:$A$2336,'Data Cleaning in Medical Examin'!$H$2:$H$2336) -> No | H7: =_xlfn.XLOOKUP(A7,'Data Cleaning in Medical Examin'!$A$2:$A$2336,'Data Cleaning in Medical Examin'!$I$2:$I$2336) -> No Major Surgery | I7: =_xlfn.XLOOKUP(A7,'Data Cleaning in Medical Examin'!$A$2:$A$2336,'Data Cleaning in Medical Examin'!$J$2:$J$2336) -> Yes | J7: =_xlfn.XLOOKUP(A7,'Data Cleaning in Medical Examin'!$A$2:$A$2336,'Data Cleaning in Medical Examin'!$C$2:$C$2336) -> Obesity | K7: =_xlfn.XLOOKUP(A7,'Data Cleaning in Medical Examin'!$A$2:$A$2336,'Data Cleaning in Medical Examin'!$E$2:$E$2336) -> Diabetes | L7: =_xlfn.XLOOKUP(A7,'DataCleaning in Hospitalisation'!$A$2:$A$2339,'DataCleaning in Hospitalisation'!$E$2:$E$2339) -> 22-Jul-1959 | M7: =_xlfn.XLOOKUP(A7,'DataCleaning in Hospitalisation'!$A$2:$A$2339,'DataCleaning in Hospitalisation'!$H$2:$H$2339) -> 48824.45 | N7: =_xlfn.XLOOKUP(A7,'DataCleaning in Hospitalisation'!$A$2:$A$2339,'DataCleaning in Hospitalisation'!$I$2:$I$2339) -> tier - 2 | O7: =_xlfn.XLOOKUP(A7,'DataCleaning in Hospitalisation'!$A$2:$A$2339,'DataCleaning in Hospitalisation'!$J$2:$J$2339) -> tier - 1 | P7: =_xlfn.XLOOKUP(A7,'DataCleaning in Hospitalisation'!$A$2:$A$2339,'DataCleaning in Hospitalisation'!$K$2:$K$2339) -> R1011 | Q7: =_xlfn.XLOOKUP(A7,'DataCleaning in Hospitalisation'!$A$2:$A$2339,'DataCleaning in Hospitalisation'!$F$2:$F$2339) -> 64 | U7: No | V7: 1 | X7: Id1001 | Y7: 11187.66 | AJ7: Id1001 | AK7: 11187.66
A8: Id7 | B8: =_xlfn.XLOOKUP(A8,'Customer Names'!$A$2:$A$2336,'Customer Names'!$C$2:$C$2336) -> Mr.Scott | C8: =_xlfn.XLOOKUP(A8,'Data Cleaning in Medical Examin'!$A$2:$A$2336,'Data Cleaning in Medical Examin'!$B$2:$B$2336) -> 36.4 | D8: =_xlfn.XLOOKUP(A8,'Data Cleaning in Medical Examin'!$A$2:$A$2336,'Data Cleaning in Medical Examin'!$D$2:$D$2336) -> 6.07 | E8: =_xlfn.XLOOKUP(A8,'Data Cleaning in Medical Examin'!$A$2:$A$2336,'Data Cleaning in Medical Examin'!$F$2:$F$2336) -> No | F8: =_xlfn.XLOOKUP(A8,'Data Cleaning in Medical Examin'!$A$2:$A$2336,'Data Cleaning in Medical Examin'!$G$2:$G$2336) -> No | G8: =_xlfn.XLOOKUP(A8,'Data Cleaning in Medical Examin'!$A$2:$A$2336,'Data Cleaning in Medical Examin'!$H$2:$H$2336) -> No | H8: =_xlfn.XLOOKUP(A8,'Data Cleaning in Medical Examin'!$A$2:$A$2336,'Data Cleaning in Medical Examin'!$I$2:$I$2336) -> No Major Surgery | I8: =_xlfn.XLOOKUP(A8,'Data Cleaning in Medical Examin'!$A$2:$A$2336,'Data Cleaning in Medical Examin'!$J$2:$J$2336) -> Yes | J8: =_xlfn.XLOOKUP(A8,'Data Cleaning in Medical Examin'!$A$2:$A$2336,'Data Cleaning in Medical Examin'!$C$2:$C$2336) -> Obesity | K8: =_xlfn.XLOOKUP(A8,'Data Cleaning in Medical Examin'!$A$2:$A$2336,'Data Cleaning in Medical Examin'!$E$2:$E$2336) -> Prediabetes | L8: =_xlfn.XLOOKUP(A8,'DataCleaning in Hospitalisation'!$A$2:$A$2339,'DataCleaning in Hospitalisation'!$E$2:$E$2339) -> 27-Oct-1965 | M8: =_xlfn.XLOOKUP(A8,'DataCleaning in Hospitalisation'!$A$2:$A$2339,'DataCleaning in Hospitalisation'!$H$2:$H$2339) -> 48675.52 | N8: =_xlfn.XLOOKUP(A8,'DataCleaning in Hospitalisation'!$A$2:$A$2339,'DataCleaning in Hospitalisation'!$I$2:$I$2339) -> tier - 1 | O8: =_xlfn.XLOOKUP(A8,'DataCleaning in Hospitalisation'!$A$2:$A$2339,'DataCleaning in Hospitalisation'!$J$2:$J$2339) -> tier - 2 | P8: =_xlfn.XLOOKUP(A8,'DataCleaning in Hospitalisation'!$A$2:$A$2339,'DataCleaning in Hospitalisation'!$K$2:$K$2339) -> R1013 | Q8: =_xlfn.XLOOKUP(A8,'DataCleaning in Hospitalisation'!$A$2:$A$2339,'DataCleaning in Hospitalisation'!$F$2:$F$2339) -> 58 | U8: No | V8: 1 | X8: Id1002 | Y8: 11186.2 | AJ8: Id1002 | AK8: 11186.2
A9: Id8 | B9: =_xlfn.XLOOKUP(A9,'Customer Names'!$A$2:$A$2336,'Customer Names'!$C$2:$C$2336) -> Mr.Stephen | C9: =_xlfn.XLOOKUP(A9,'Data Cleaning in Medical Examin'!$A$2:$A$2336,'Data Cleaning in Medical Examin'!$B$2:$B$2336) -> 36.96 | D9: =_xlfn.XLOOKUP(A9,'Data Cleaning in Medical Examin'!$A$2:$A$2336,'Data Cleaning in Medical Examin'!$D$2:$D$2336) -> 7.93 | E9: =_xlfn.XLOOKUP(A9,'Data Cleaning in Medical Examin'!$A$2:$A$2336,'Data Cleaning in Medical Examin'!$F$2:$F$2336) -> No | F9: =_xlfn.XLOOKUP(A9,'Data Cleaning in Medical Examin'!$A$2:$A$2336,'Data Cleaning in Medical Examin'!$G$2:$G$2336) -> No | G9: =_xlfn.XLOOKUP(A9,'Data Cleaning in Medical Examin'!$A$2:$A$2336,'Data Cleaning in Medical Examin'!$H$2:$H$2336) -> No | H9: =_xlfn.XLOOKUP(A9,'Data Cleaning in Medical Examin'!$A$2:$A$2336,'Data Cleaning in Medical Examin'!$I$2:$I$2336) -> 3 Major Surgery | I9: =_xlfn.XLOOKUP(A9,'Data Cleaning in Medical Examin'!$A$2:$A$2336,'Data Cleaning in Medical Examin'!$J$2:$J$2336) -> Yes | J9: =_xlfn.XLOOKUP(A9,'Data Cleaning in Medical Examin'!$A$2:$A$2336,'Data Cleaning in Medical Examin'!$C$2:$C$2336) -> Obesity | K9: =_xlfn.XLOOKUP(A9,'Data Cleaning in Medical Examin'!$A$2:$A$2336,'Data Cleaning in Medical Examin'!$E$2:$E$2336) -> Diabetes | L9: =_xlfn.XLOOKUP(A9,'DataCleaning in Hospitalisation'!$A$2:$A$2339,'DataCleaning in Hospitalisation'!$E$2:$E$2339) -> 11-Oct-1962 | M9: =_xlfn.XLOOKUP(A9,'DataCleaning in Hospitalisation'!$A$2:$A$2339,'DataCleaning in Hospitalisation'!$H$2:$H$2339) -> 48673.56 | N9: =_xlfn.XLOOKUP(A9,'DataCleaning in Hospitalisation'!$A$2:$A$2339,'DataCleaning in Hospitalisation'!$I$2:$I$2339) -> tier - 1 | O9: =_xlfn.XLOOKUP(A9,'DataCleaning in Hospitalisation'!$A$2:$A$2339,'DataCleaning in Hospitalisation'!$J$2:$J$2339) -> tier - 2 | P9: =_xlfn.XLOOKUP(A9,'DataCleaning in Hospitalisation'!$A$2:$A$2339,'DataCleaning in Hospitalisation'!$K$2:$K$2339) -> R1013 | Q9: =_xlfn.XLOOKUP(A9,'DataCleaning in Hospitalisation'!$A$2:$A$2339,'DataCleaning in Hospitalisation'!$F$2:$F$2339) -> 61 | U9: Id10 | V9: 1 | X9: Id1003 | Y9: 11165.42 | AJ9: Id1003 | AK9: 11165.42
A10: Id9 | B10: =_xlfn.XLOOKUP(A10,'Customer Names'!$A$2:$A$2336,'Customer Names'!$C$2:$C$2336) -> Mr.Patrick | C10: =_xlfn.XLOOKUP(A10,'Data Cleaning in Medical Examin'!$A$2:$A$2336,'Data Cleaning in Medical Examin'!$B$2:$B$2336) -> 41.14 | D10: =_xlfn.XLOOKUP(A10,'Data Cleaning in Medical Examin'!$A$2:$A$2336,'Data Cleaning in Medical Examin'!$D$2:$D$2336) -> 9.58 | E10: =_xlfn.XLOOKUP(A10,'Data Cleaning in Medical Examin'!$A$2:$A$2336,'Data Cleaning in Medical Examin'!$F$2:$F$2336) -> Yes | F10: =_xlfn.XLOOKUP(A10,'Data Cleaning in Medical Examin'!$A$2:$A$2336,'Data Cleaning in Medical Examin'!$G$2:$G$2336) -> No | G10: =_xlfn.XLOOKUP(A10,'Data Cleaning in Medical Examin'!$A$2:$A$2336,'Data Cleaning in Medical Examin'!$H$2:$H$2336) -> Yes | H10: =_xlfn.XLOOKUP(A10,'Data Cleaning in Medical Examin'!$A$2:$A$2336,'Data Cleaning in Medical Examin'!$I$2:$I$2336) -> 1 Major Surgery | I10: =_xlfn.XLOOKUP(A10,'Data Cleaning in Medical Examin'!$A$2:$A$2336,'Data Cleaning in Medical Examin'!$J$2:$J$2336) -> Yes | J10: =_xlfn.XLOOKUP(A10,'Data Cleaning in Medical Examin'!$A$2:$A$2336,'Data Cleaning in Medical Examin'!$C$2:$C$2336) -> Obesity | K10: =_xlfn.XLOOKUP(A10,'Data Cleaning in Medical Examin'!$A$2:$A$2336,'Data Cleaning in Medical Examin'!$E$2:$E$2336) -> Diabetes | L10: =_xlfn.XLOOKUP(A10,'DataCleaning in Hospitalisation'!$A$2:$A$2339,'DataCleaning in Hospitalisation'!$E$2:$E$2339) -> 1-Dec-1968 | M10: =_xlfn.XLOOKUP(A10,'DataCleaning in Hospitalisation'!$A$2:$A$2339,'DataCleaning in Hospitalisation'!$H$2:$H$2339) -> 48549.18 | N10: =_xlfn.XLOOKUP(A10,'DataCleaning in Hospitalisation'!$A$2:$A$2339,'DataCleaning in Hospitalisation'!$I$2:$I$2339) -> tier - 1 | O10: =_xlfn.XLOOKUP(A10,'DataCleaning in Hospitalisation'!$A$2:$A$2339,'DataCleaning in Hospitalisation'!$J$2:$J$2339) -> tier - 3 | P10: =_xlfn.XLOOKUP(A10,'DataCleaning in Hospitalisation'!$A$2:$A$2339,'DataCleaning in Hospitalisation'!$K$2:$K$2339) -> R1016 | Q10: =_xlfn.XLOOKUP(A10,'DataCleaning in Hospitalisation'!$A$2:$A$2339,'DataCleaning in Hospitalisation'!$F$2:$F$2339) -> 55 | U10: tier - 1 | V10: 1 | X10: Id1004 | Y10: 11163.57 | AJ10: Id1004 | AK10: 11163.57
A11: Id10 | B11: =_xlfn.XLOOKUP(A11,'Customer Names'!$A$2:$A$2336,'Customer Names'!$C$2:$C$2336) -> Ms.Brooke | C11: =_xlfn.XLOOKUP(A11,'Data Cleaning in Medical Examin'!$A$2:$A$2336,'Data Cleaning in Medical Examin'!$B$2:$B$2336) -> 38.06 | D11: =_xlfn.XLOOKUP(A11,'Data Cleaning in Medical Examin'!$A$2:$A$2336,'Data Cleaning in Medical Examin'!$D$2:$D$2336) -> 10.79 | E11: =_xlfn.XLOOKUP(A11,'Data Cleaning in Medical Examin'!$A$2:$A$2336,'Data Cleaning in Medical Examin'!$F$2:$F$2336) -> No | F11: =_xlfn.XLOOKUP(A11,'Data Cleaning in Medical Examin'!$A$2:$A$2336,'Data Cleaning in Medical Examin'!$G$2:$G$2336) -> No | G11: =_xlfn.XLOOKUP(A11,'Data Cleaning in Medical Examin'!$A$2:$A$2336,'Data Cleaning in Medical Examin'!$H$2:$H$2336) -> No | H11: =_xlfn.XLOOKUP(A11,'Data Cleaning in Medical Examin'!$A$2:$A$2336,'Data Cleaning in Medical Examin'!$I$2:$I$2336) -> No Major Surgery | I11: =_xlfn.XLOOKUP(A11,'Data Cleaning in Medical Examin'!$A$2:$A$2336,'Data Cleaning in Medical Examin'!$J$2:$J$2336) -> Yes | J11: =_xlfn.XLOOKUP(A11,'Data Cleaning in Medical Examin'!$A$2:$A$2336,'Data Cleaning in Medical Examin'!$C$2:$C$2336) -> Obesity | K11: =_xlfn.XLOOKUP(A11,'Data Cleaning in Medical Examin'!$A$2:$A$2336,'Data Cleaning in Medical Examin'!$E$2:$E$2336) -> Diabetes | L11: =_xlfn.XLOOKUP(A11,'DataCleaning in Hospitalisation'!$A$2:$A$2339,'DataCleaning in Hospitalisation'!$E$2:$E$2339) -> 21-Dec-1961 | M11: =_xlfn.XLOOKUP(A11,'DataCleaning in Hospitalisation'!$A$2:$A$2339,'DataCleaning in Hospitalisation'!$H$2:$H$2339) -> 48517.56 | N11: =_xlfn.XLOOKUP(A11,'DataCleaning in Hospitalisation'!$A$2:$A$2339,'DataCleaning in Hospitalisation'!$I$2:$I$2339) -> tier - 1 | O11: =_xlfn.XLOOKUP(A11,'DataCleaning in Hospitalisation'!$A$2:$A$2339,'DataCleaning in Hospitalisation'!$J$2:$J$2339) -> tier - 3 | P11: =_xlfn.XLOOKUP(A11,'DataCleaning in Hospitalisation'!$A$2:$A$2339,'DataCleaning in Hospitalisation'!$K$2:$K$2339) -> R1024 | Q11: =_xlfn.XLOOKUP(A11,'DataCleaning in Hospitalisation'!$A$2:$A$2339,'DataCleaning in Hospitalisation'!$F$2:$F$2339) -> 62 | U11: No Major Surgery | V11: 1 | X11: Id1005 | Y11: 11150.78 | AJ11: Id1005 | AK11: 11150.78
A12: Id11 | B12: =_xlfn.XLOOKUP(A12,'Customer Names'!$A$2:$A$2336,'Customer Names'!$C$2:$C$2336) -> Ms.Paola | C12: =_xlfn.XLOOKUP(A12,'Data Cleaning in Medical Examin'!$A$2:$A$2336,'Data Cleaning in Medical Examin'!$B$2:$B$2336) -> 37.7 | D12: =_xlfn.XLOOKUP(A12,'Data Cleaning in Medical Examin'!$A$2:$A$2336,'Data Cleaning in Medical Examin'!$D$2:$D$2336) -> 5.96 | E12: =_xlfn.XLOOKUP(A12,'Data Cleaning in Medical Examin'!$A$2:$A$2336,'Data Cleaning in Medical Examin'!$F$2:$F$2336) -> Yes | F12: =_xlfn.XLOOKUP(A12,'Data Cleaning in Medical Examin'!$A$2:$A$2336,'Data Cleaning in Medical Examin'!$G$2:$G$2336) -> No | G12: =_xlfn.XLOOKUP(A12,'Data Cleaning in Medical Examin'!$A$2:$A$2336,'Data Cleaning in Medical Examin'!$H$2:$H$2336) -> No | H12: =_xlfn.XLOOKUP(A12,'Data Cleaning in Medical Examin'!$A$2:$A$2336,'Data Cleaning in Medical Examin'!$I$2:$I$2336) -> 2 Major Surgery | I12: =_xlfn.XLOOKUP(A12,'Data Cleaning in Medical Examin'!$A$2:$A$2336,'Data Cleaning in Medical Examin'!$J$2:$J$2336) -> Yes | J12: =_xlfn.XLOOKUP(A12,'Data Cleaning in Medical Examin'!$A$2:$A$2336,'Data Cleaning in Medical Examin'!$C$2:$C$2336) -> Obesity | K12: =_xlfn.XLOOKUP(A12,'Data Cleaning in Medical Examin'!$A$2:$A$2336,'Data Cleaning in Medical Examin'!$E$2:$E$2336) -> Prediabetes | L12: =_xlfn.XLOOKUP(A12,'DataCleaning in Hospitalisation'!$A$2:$A$2339,'DataCleaning in Hospitalisation'!$E$2:$E$2339) -> 27-Aug-1962 | M12: =_xlfn.XLOOKUP(A12,'DataCleaning in Hospitalisation'!$A$2:$A$2339,'DataCleaning in Hospitalisation'!$H$2:$H$2339) -> 48173.36 | N12: =_xlfn.XLOOKUP(A12,'DataCleaning in Hospitalisation'!$A$2:$A$2339,'DataCleaning in Hospitalisation'!$I$2:$I$2339) -> tier - 1 | O12: =_xlfn.XLOOKUP(A12,'DataCleaning in Hospitalisation'!$A$2:$A$2339,'DataCleaning in Hospitalisation'!$J$2:$J$2339) -> tier - 3 | P12: =_xlfn.XLOOKUP(A12,'DataCleaning in Hospitalisation'!$A$2:$A$2339,'DataCleaning in Hospitalisation'!$K$2:$K$2339) -> R1011 | Q12: =_xlfn.XLOOKUP(A12,'DataCleaning in Hospitalisation'!$A$2:$A$2339,'DataCleaning in Hospitalisation'!$F$2:$F$2339) -> 61 | U12: tier - 3 | V12: 1 | X12: Id1006 | Y12: 11103.33 | AJ12: Id1006 | AK12: 11103.33
A13: Id12 | B13: =_xlfn.XLOOKUP(A13,'Customer Names'!$A$2:$A$2336,'Customer Names'!$C$2:$C$2336) -> Mr.David | C13: =_xlfn.XLOOKUP(A13,'Data Cleaning in Medical Examin'!$A$2:$A$2336,'Data Cleaning in Medical Examin'!$B$2:$B$2336) -> 42.13 | D13: =_xlfn.XLOOKUP(A13,'Data Cleaning in Medical Examin'!$A$2:$A$2336,'Data Cleaning in Medical Examin'!$D$2:$D$2336) -> 11.9 | E13: =_xlfn.XLOOKUP(A13,'Data Cleaning in Medical Examin'!$A$2:$A$2336,'Data Cleaning in Medical Examin'!$F$2:$F$2336) -> No | F13: =_xlfn.XLOOKUP(A13,'Data Cleaning in Medical Examin'!$A$2:$A$2336,'Data Cleaning in Medical Examin'!$G$2:$G$2336) -> No | G13: =_xlfn.XLOOKUP(A13,'Data Cleaning in Medical Examin'!$A$2:$A$2336,'Data Cleaning in Medical Examin'!$H$2:$H$2336) -> No | H13: =_xlfn.XLOOKUP(A13,'Data Cleaning in Medical Examin'!$A$2:$A$2336,'Data Cleaning in Medical Examin'!$I$2:$I$2336) -> No Major Surgery | I13: =_xlfn.XLOOKUP(A13,'Data Cleaning in Medical Examin'!$A$2:$A$2336,'Data Cleaning in Medical Examin'!$J$2:$J$2336) -> Yes | J13: =_xlfn.XLOOKUP(A13,'Data Cleaning in Medical Examin'!$A$2:$A$2336,'Data Cleaning in Medical Examin'!$C$2:$C$2336) -> Obesity | K13: =_xlfn.XLOOKUP(A13,'Data Cleaning in Medical Examin'!$A$2:$A$2336,'Data Cleaning in Medical Examin'!$E$2:$E$2336) -> Diabetes | L13: =_xlfn.XLOOKUP(A13,'DataCleaning in Hospitalisation'!$A$2:$A$2339,'DataCleaning in Hospitalisation'!$E$2:$E$2339) -> 16-Nov-1958 | M13: =_xlfn.XLOOKUP(A13,'DataCleaning in Hospitalisation'!$A$2:$A$2339,'DataCleaning in Hospitalisation'!$H$2:$H$2339) -> 47928.03 | N13: =_xlfn.XLOOKUP(A13,'DataCleaning in Hospitalisation'!$A$2:$A$2339,'DataCleaning in Hospitalisation'!$I$2:$I$2339) -> tier - 2 | O13: =_xlfn.XLOOKUP(A13,'DataCleaning in Hospitalisation'!$A$2:$A$2339,'DataCleaning in Hospitalisation'!$J$2:$J$2339) -> tier - 3 | P13: =_xlfn.XLOOKUP(A13,'DataCleaning in Hospitalisation'!$A$2:$A$2339,'DataCleaning in Hospitalisation'!$K$2:$K$2339) -> R1011 | Q13: =_xlfn.XLOOKUP(A13,'DataCleaning in Hospitalisation'!$A$2:$A$2339,'DataCleaning in Hospitalisation'!$F$2:$F$2339) -> 65 | U13: No | V13: 1 | X13: Id1007 | Y13: 11093.62 | AJ13: Id1007 | AK13: 11093.62
A14: Id13 | B14: =_xlfn.XLOOKUP(A14,'Customer Names'!$A$2:$A$2336,'Customer Names'!$C$2:$C$2336) -> Mr.Wade | C14: =_xlfn.XLOOKUP(A14,'Data Cleaning in Medical Examin'!$A$2:$A$2336,'Data Cleaning in Medical Examin'!$B$2:$B$2336) -> 40.92 | D14: =_xlfn.XLOOKUP(A14,'Data Cleaning in Medical Examin'!$A$2:$A$2336,'Data Cleaning in Medical Examin'!$D$2:$D$2336) -> 8.41 | E14: =_xlfn.XLOOKUP(A14,'Data Cleaning in Medical Examin'!$A$2:$A$2336,'Data Cleaning in Medical Examin'!$F$2:$F$2336) -> No | F14: =_xlfn.XLOOKUP(A14,'Data Cleaning in Medical Examin'!$A$2:$A$2336,'Data Cleaning in Medical Examin'!$G$2:$G$2336) -> No | G14: =_xlfn.XLOOKUP(A14,'Data Cleaning in Medical Examin'!$A$2:$A$2336,'Data Cleaning in Medical Examin'!$H$2:$H$2336) -> No | H14: =_xlfn.XLOOKUP(A14,'Data Cleaning in Medical Examin'!$A$2:$A$2336,'Data Cleaning in Medical Examin'!$I$2:$I$2336) -> No Major Surgery | I14: =_xlfn.XLOOKUP(A14,'Data Cleaning in Medical Examin'!$A$2:$A$2336,'Data Cleaning in Medical Examin'!$J$2:$J$2336) -> Yes | J14: =_xlfn.XLOOKUP(A14,'Data Cleaning in Medical Examin'!$A$2:$A$2336,'Data Cleaning in Medical Examin'!$C$2:$C$2336) -> Obesity | K14: =_xlfn.XLOOKUP(A14,'Data Cleaning in Medical Examin'!$A$2:$A$2336,'Data Cleaning in Medical Examin'!$E$2:$E$2336) -> Diabetes | L14: =_xlfn.XLOOKUP(A14,'DataCleaning in Hospitalisation'!$A$2:$A$2339,'DataCleaning in Hospitalisation'!$E$2:$E$2339) -> 5-Aug-1963 | M14: =_xlfn.XLOOKUP(A14,'DataCleaning in Hospitalisation'!$A$2:$A$2339,'DataCleaning in Hospitalisation'!$H$2:$H$2339) -> 47896.79 | N14: =_xlfn.XLOOKUP(A14,'DataCleaning in Hospitalisation'!$A$2:$A$2339,'DataCleaning in Hospitalisation'!$I$2:$I$2339) -> tier - 1 | O14: =_xlfn.XLOOKUP(A14,'DataCleaning in Hospitalisation'!$A$2:$A$2339,'DataCleaning in Hospitalisation'!$J$2:$J$2339) -> tier - 3 | P14: =_xlfn.XLOOKUP(A14,'DataCleaning in Hospitalisation'!$A$2:$A$2339,'DataCleaning in Hospitalisation'!$K$2:$K$2339) -> R1024 | Q14: =_xlfn.XLOOKUP(A14,'DataCleaning in Hospitalisation'!$A$2:$A$2339,'DataCleaning in Hospitalisation'!$F$2:$F$2339) -> 60 | U14: No | V14: 1 | X14: Id1008 | Y14: 11090.72 | AJ14: Id1008 | AK14: 11090.72
A15: Id14 | B15: =_xlfn.XLOOKUP(A15,'Customer Names'!$A$2:$A$2336,'Customer Names'!$C$2:$C$2336) -> Mr.Franklin | C15: =_xlfn.XLOOKUP(A15,'Data Cleaning in Medical Examin'!$A$2:$A$2336,'Data Cleaning in Medical Examin'!$B$2:$B$2336) -> 40.565 | D15: =_xlfn.XLOOKUP(A15,'Data Cleaning in Medical Examin'!$A$2:$A$2336,'Data Cleaning in Medical Examin'!$D$2:$D$2336) -> 7.02 | E15: =_xlfn.XLOOKUP(A15,'Data Cleaning in Medical Examin'!$A$2:$A$2336,'Data Cleaning in Medical Examin'!$F$2:$F$2336) -> No | F15: =_xlfn.XLOOKUP(A15,'Data Cleaning in Medical Examin'!$A$2:$A$2336,'Data Cleaning in Medical Examin'!$G$2:$G$2336) -> No | G15: =_xlfn.XLOOKUP(A15,'Data Cleaning in Medical Examin'!$A$2:$A$2336,'Data Cleaning in Medical Examin'!$H$2:$H$2336) -> No | H15: =_xlfn.XLOOKUP(A15,'Data Cleaning in Medical Examin'!$A$2:$A$2336,'Data Cleaning in Medical Examin'!$I$2:$I$2336) -> No Major Surgery | I15: =_xlfn.XLOOKUP(A15,'Data Cleaning in Medical Examin'!$A$2:$A$2336,'Data Cleaning in Medical Examin'!$J$2:$J$2336) -> Yes | J15: =_xlfn.XLOOKUP(A15,'Data Cleaning in Medical Examin'!$A$2:$A$2336,'Data Cleaning in Medical Examin'!$C$2:$C$2336) -> Obesity | K15: =_xlfn.XLOOKUP(A15,'Data Cleaning in Medical Examin'!$A$2:$A$2336,'Data Cleaning in Medical Examin'!$E$2:$E$2336) -> Diabetes | L15: =_xlfn.XLOOKUP(A15,'DataCleaning in Hospitalisation'!$A$2:$A$2339,'DataCleaning in Hospitalisation'!$E$2:$E$2339) -> 7-Nov-1964 | M15: =_xlfn.XLOOKUP(A15,'DataCleaning in Hospitalisation'!$A$2:$A$2339,'DataCleaning in Hospitalisation'!$H$2:$H$2339) -> 47496.49 | N15: =_xlfn.XLOOKUP(A15,'DataCleaning in Hospitalisation'!$A$2:$A$2339,'DataCleaning in Hospitalisation'!$I$2:$I$2339) -> tier - 1 | O15: =_xlfn.XLOOKUP(A15,'DataCleaning in Hospitalisation'!$A$2:$A$2339,'DataCleaning in Hospitalisation'!$J$2:$J$2339) -> tier - 3 | P15: =_xlfn.XLOOKUP(A15,'DataCleaning in Hospitalisation'!$A$2:$A$2339,'DataCleaning in Hospitalisation'!$K$2:$K$2339) -> R1012 | Q15: =_xlfn.XLOOKUP(A15,'DataCleaning in Hospitalisation'!$A$2:$A$2339,'DataCleaning in Hospitalisation'!$F$2:$F$2339) -> 59 | U15: Id100 | V15: 1 | X15: Id1009 | Y15: 11085.59 | AJ15: Id1009 | AK15: 11085.59
A16: Id15 | B16: =_xlfn.XLOOKUP(A16,'Customer Names'!$A$2:$A$2336,'Customer Names'!$C$2:$C$2336) -> Ms.Leilani | C16: =_xlfn.XLOOKUP(A16,'Data Cleaning in Medical Examin'!$A$2:$A$2336,'Data Cleaning in Medical Examin'!$B$2:$B$2336) -> 36.385 | D16: =_xlfn.XLOOKUP(A16,'Data Cleaning in Medical Examin'!$A$2:$A$2336,'Data Cleaning in Medical Examin'!$D$2:$D$2336) -> 7.59 | E16: =_xlfn.XLOOKUP(A16,'Data Cleaning in Medical Examin'!$A$2:$A$2336,'Data Cleaning in Medical Examin'!$F$2:$F$2336) -> Yes | F16: =_xlfn.XLOOKUP(A16,'Data Cleaning in Medical Examin'!$A$2:$A$2336,'Data Cleaning in Medical Examin'!$G$2:$G$2336) -> No | G16: =_xlfn.XLOOKUP(A16,'Data Cleaning in Medical Examin'!$A$2:$A$2336,'Data Cleaning in Medical Examin'!$H$2:$H$2336) -> No | H16: =_xlfn.XLOOKUP(A16,'Data Cleaning in Medical Examin'!$A$2:$A$2336,'Data Cleaning in Medical Examin'!$I$2:$I$2336) -> 2 Major Surgery | I16: =_xlfn.XLOOKUP(A16,'Data Cleaning in Medical Examin'!$A$2:$A$2336,'Data Cleaning in Medical Examin'!$J$2:$J$2336) -> Yes | J16: =_xlfn.XLOOKUP(A16,'Data Cleaning in Medical Examin'!$A$2:$A$2336,'Data Cleaning in Medical Examin'!$C$2:$C$2336) -> Obesity | K16: =_xlfn.XLOOKUP(A16,'Data Cleaning in Medical Examin'!$A$2:$A$2336,'Data Cleaning in Medical Examin'!$E$2:$E$2336) -> Diabetes | L16: =_xlfn.XLOOKUP(A16,'DataCleaning in Hospitalisation'!$A$2:$A$2339,'DataCleaning in Hospitalisation'!$E$2:$E$2339) -> 27-Sep-1971 | M16: =_xlfn.XLOOKUP(A16,'DataCleaning in Hospitalisation'!$A$2:$A$2339,'DataCleaning in Hospitalisation'!$H$2:$H$2339) -> 47462.89 | N16: =_xlfn.XLOOKUP(A16,'DataCleaning in Hospitalisation'!$A$2:$A$2339,'DataCleaning in Hospitalisation'!$I$2:$I$2339) -> tier - 1 | O16: =_xlfn.XLOOKUP(A16,'DataCleaning in Hospitalisation'!$A$2:$A$2339,'DataCleaning in Hospitalisation'!$J$2:$J$2339) -> tier - 2 | P16: =_xlfn.XLOOKUP(A16,'DataCleaning in Hospitalisation'!$A$2:$A$2339,'DataCleaning in Hospitalisation'!$K$2:$K$2339) -> R1013 | Q16: =_xlfn.XLOOKUP(A16,'DataCleaning in Hospitalisation'!$A$2:$A$2339,'DataCleaning in Hospitalisation'!$F$2:$F$2339) -> 52 | U16: tier - 1 | V16: 1 | X16: Id101 | Y16: 40069.44 | AJ16: Id101 | AK16: 40069.44
A17: Id16 | B17: =_xlfn.XLOOKUP(A17,'Customer Names'!$A$2:$A$2336,'Customer Names'!$C$2:$C$2336) -> Mr.Philippe | C17: =_xlfn.XLOOKUP(A17,'Data Cleaning in Medical Examin'!$A$2:$A$2336,'Data Cleaning in Medical Examin'!$B$2:$B$2336) -> 39.9 | D17: =_xlfn.XLOOKUP(A17,'Data Cleaning in Medical Examin'!$A$2:$A$2336,'Data Cleaning in Medical Examin'!$D$2:$D$2336) -> 11.32 | E17: =_xlfn.XLOOKUP(A17,'Data Cleaning in Medical Examin'!$A$2:$A$2336,'Data Cleaning in Medical Examin'!$F$2:$F$2336) -> No | F17: =_xlfn.XLOOKUP(A17,'Data Cleaning in Medical Examin'!$A$2:$A$2336,'Data Cleaning in Medical Examin'!$G$2:$G$2336) -> No | G17: =_xlfn.XLOOKUP(A17,'Data Cleaning in Medical Examin'!$A$2:$A$2336,'Data Cleaning in Medical Examin'!$H$2:$H$2336) -> No | H17: =_xlfn.XLOOKUP(A17,'Data Cleaning in Medical Examin'!$A$2:$A$2336,'Data Cleaning in Medical Examin'!$I$2:$I$2336) -> No Major Surgery | I17: =_xlfn.XLOOKUP(A17,'Data Cleaning in Medical Examin'!$A$2:$A$2336,'Data Cleaning in Medical Examin'!$J$2:$J$2336) -> Yes | J17: =_xlfn.XLOOKUP(A17,'Data Cleaning in Medical Examin'!$A$2:$A$2336,'Data Cleaning in Medical Examin'!$C$2:$C$2336) -> Obesity | K17: =_xlfn.XLOOKUP(A17,'Data Cleaning in Medical Examin'!$A$2:$A$2336,'Data Cleaning in Medical Examin'!$E$2:$E$2336) -> Diabetes | L17: =_xlfn.XLOOKUP(A17,'DataCleaning in Hospitalisation'!$A$2:$A$2339,'DataCleaning in Hospitalisation'!$E$2:$E$2339) -> 13-Jun-1961 | M17: =_xlfn.XLOOKUP(A17,'DataCleaning in Hospitalisation'!$A$2:$A$2339,'DataCleaning in Hospitalisation'!$H$2:$H$2339) -> 47403.88 | N17: =_xlfn.XLOOKUP(A17,'DataCleaning in Hospitalisation'!$A$2:$A$2339,'DataCleaning in Hospitalisation'!$I$2:$I$2339) -> tier - 1 | O17: =_xlfn.XLOOKUP(A17,'DataCleaning in Hospitalisation'!$A$2:$A$2339,'DataCleaning in Hospitalisation'!$J$2:$J$2339) -> tier - 3 | P17: =_xlfn.XLOOKUP(A17,'DataCleaning in Hospitalisation'!$A$2:$A$2339,'DataCleaning in Hospitalisation'!$K$2:$K$2339) -> R1011 | Q17: =_xlfn.XLOOKUP(A17,'DataCleaning in Hospitalisation'!$A$2:$A$2339,'DataCleaning in Hospitalisation'!$F$2:$F$2339) -> 62 | U17: No Major Surgery | V17: 1 | X17: Id1010 | Y17: 11082.58 | AJ17: Id1010 | AK17: 11082.58
A18: Id17 | B18: =_xlfn.XLOOKUP(A18,'Customer Names'!$A$2:$A$2336,'Customer Names'!$C$2:$C$2336) -> Ms.Jennifer | C18: =_xlfn.XLOOKUP(A18,'Data Cleaning in Medical Examin'!$A$2:$A$2336,'Data Cleaning in Medical Examin'!$B$2:$B$2336) -> 33.8 | D18: =_xlfn.XLOOKUP(A18,'Data Cleaning in Medical Examin'!$A$2:$A$2336,'Data Cleaning in Medical Examin'!$D$2:$D$2336) -> 7.67 | E18: =_xlfn.XLOOKUP(A18,'Data Cleaning in Medical Examin'!$A$2:$A$2336,'Data Cleaning in Medical Examin'!$F$2:$F$2336) -> No | F18: =_xlfn.XLOOKUP(A18,'Data Cleaning in Medical Examin'!$A$2:$A$2336,'Data Cleaning in Medical Examin'!$G$2:$G$2336) -> No | G18: =_xlfn.XLOOKUP(A18,'Data Cleaning in Medical Examin'!$A$2:$A$2336,'Data Cleaning in Medical Examin'!$H$2:$H$2336) -> No | H18: =_xlfn.XLOOKUP(A18,'Data Cleaning in Medical Examin'!$A$2:$A$2336,'Data Cleaning in Medical Examin'!$I$2:$I$2336) -> 3 Major Surgery | I18: =_xlfn.XLOOKUP(A18,'Data Cleaning in Medical Examin'!$A$2:$A$2336,'Data Cleaning in Medical Examin'!$J$2:$J$2336) -> Yes | J18: =_xlfn.XLOOKUP(A18,'Data Cleaning in Medical Examin'!$A$2:$A$2336,'Data Cleaning in Medical Examin'!$C$2:$C$2336) -> Obesity | K18: =_xlfn.XLOOKUP(A18,'Data Cleaning in Medical Examin'!$A$2:$A$2336,'Data Cleaning in Medical Examin'!$E$2:$E$2336) -> Diabetes | L18: =_xlfn.XLOOKUP(A18,'DataCleaning in Hospitalisation'!$A$2:$A$2339,'DataCleaning in Hospitalisation'!$E$2:$E$2339) -> 4-Oct-1959 | M18: =_xlfn.XLOOKUP(A18,'DataCleaning in Hospitalisation'!$A$2:$A$2339,'DataCleaning in Hospitalisation'!$H$2:$H$2339) -> 47305.31 | N18: =_xlfn.XLOOKUP(A18,'DataCleaning in Hospitalisation'!$A$2:$A$2339,'DataCleaning in Hospitalisation'!$I$2:$I$2339) -> tier - 2 | O18: =_xlfn.XLOOKUP(A18,'DataCleaning in Hospitalisation'!$A$2:$A$2339,'DataCleaning in Hospitalisation'!$J$2:$J$2339) -> tier - 1 | P18: =_xlfn.XLOOKUP(A18,'DataCleaning in Hospitalisation'!$A$2:$A$2339,'DataCleaning in Hospitalisation'!$K$2:$K$2339) -> R1011 | Q18: =_xlfn.XLOOKUP(A18,'DataCleaning in Hospitalisation'!$A$2:$A$2339,'DataCleaning in Hospitalisation'!$F$2:$F$2339) -> 64 | U18: tier - 2 | V18: 1 | X18: Id1011 | Y18: 11073.18 | AJ18: Id1011 | AK18: 11073.18
... A29: Id28 | B29: =_xlfn.XLOOKUP(A29,'Customer Names'!$A$2:$A$2336,'Customer Names'!$C$2:$C$2336) -> Ms.Stephanie | C29: =_xlfn.XLOOKUP(A29,'Data Cleaning in Medical Examin'!$A$2:$A$2336,'Data Cleaning in Medical Examin'!$B$2:$B$2336) -> 36.86 | D29: =_xlfn.XLOOKUP(A29,'Data Cleaning in Medical Examin'!$A$2:$A$2336,'Data Cleaning in Medical Examin'!$D$2:$D$2336) -> 5.19 | E29: =_xlfn.XLOOKUP(A29,'Data Cleaning in Medical Examin'!$A$2:$A$2336,'Data Cleaning in Medical Examin'!$F$2:$F$2336) -> Yes | F29: =_xlfn.XLOOKUP(A29,'Data Cleaning in Medical Examin'!$A$2:$A$2336,'Data Cleaning in Medical Examin'!$G$2:$G$2336) -> No | G29: =_xlfn.XLOOKUP(A29,'Data Cleaning in Medical Examin'!$A$2:$A$2336,'Data Cleaning in Medical Examin'!$H$2:$H$2336) -> Yes | H29: =_xlfn.XLOOKUP(A29,'Data Cleaning in Medical Examin'!$A$2:$A$2336,'Data Cleaning in Medical Examin'!$I$2:$I$2336) -> 1 Major Surgery | I29: =_xlfn.XLOOKUP(A29,'Data Cleaning in Medical Examin'!$A$2:$A$2336,'Data Cleaning in Medical Examin'!$J$2:$J$2336) -> Yes | J29: =_xlfn.XLOOKUP(A29,'Data Cleaning in Medical Examin'!$A$2:$A$2336,'Data Cleaning in Medical Examin'!$C$2:$C$2336) -> Obesity | K29: =_xlfn.XLOOKUP(A29,'Data Cleaning in Medical Examin'!$A$2:$A$2336,'Data Cleaning in Medical Examin'!$E$2:$E$2336) -> Normal | L29: =_xlfn.XLOOKUP(A29,'DataCleaning in Hospitalisation'!$A$2:$A$2339,'DataCleaning in Hospitalisation'!$E$2:$E$2339) -> 4-Dec-1962 | M29: =_xlfn.XLOOKUP(A29,'DataCleaning in Hospitalisation'!$A$2:$A$2339,'DataCleaning in Hospitalisation'!$H$2:$H$2339) -> 46130.53 | N29: =_xlfn.XLOOKUP(A29,'DataCleaning in Hospitalisation'!$A$2:$A$2339,'DataCleaning in Hospitalisation'!$I$2:$I$2339) -> tier - 1 | O29: =_xlfn.XLOOKUP(A29,'DataCleaning in Hospitalisation'!$A$2:$A$2339,'DataCleaning in Hospitalisation'!$J$2:$J$2339) -> tier - 1 | P29: =_xlfn.XLOOKUP(A29,'DataCleaning in Hospitalisation'!$A$2:$A$2339,'DataCleaning in Hospitalisation'!$K$2:$K$2339) -> R1012 | Q29: =_xlfn.XLOOKUP(A29,'DataCleaning in Hospitalisation'!$A$2:$A$2339,'DataCleaning in Hospitalisation'!$F$2:$F$2339) -> 61 | U29: 1 Major Surgery | V29: 1 | X29: Id1021 | Y29: 11015.17 | AJ29: Id1021 | AK29: 11015.17
A30: Id29 | B30: =_xlfn.XLOOKUP(A30,'Customer Names'!$A$2:$A$2336,'Customer Names'!$C$2:$C$2336) -> Mr.Stephen | C30: =_xlfn.XLOOKUP(A30,'Data Cleaning in Medical Examin'!$A$2:$A$2336,'Data Cleaning in Medical Examin'!$B$2:$B$2336) -> 35.86 | D30: =_xlfn.XLOOKUP(A30,'Data Cleaning in Medical Examin'!$A$2:$A$2336,'Data Cleaning in Medical Examin'!$D$2:$D$2336) -> 6.74 | E30: =_xlfn.XLOOKUP(A30,'Data Cleaning in Medical Examin'!$A$2:$A$2336,'Data Cleaning in Medical Examin'!$F$2:$F$2336) -> Yes | F30: =_xlfn.XLOOKUP(A30,'Data Cleaning in Medical Examin'!$A$2:$A$2336,'Data Cleaning in Medical Examin'!$G$2:$G$2336) -> No | G30: =_xlfn.XLOOKUP(A30,'Data Cleaning in Medical Examin'!$A$2:$A$2336,'Data Cleaning in Medical Examin'!$H$2:$H$2336) -> No | H30: =_xlfn.XLOOKUP(A30,'Data Cleaning in Medical Examin'!$A$2:$A$2336,'Data Cleaning in Medical Examin'!$I$2:$I$2336) -> 2 Major Surgery | I30: =_xlfn.XLOOKUP(A30,'Data Cleaning in Medical Examin'!$A$2:$A$2336,'Data Cleaning in Medical Examin'!$J$2:$J$2336) -> Yes | J30: =_xlfn.XLOOKUP(A30,'Data Cleaning in Medical Examin'!$A$2:$A$2336,'Data Cleaning in Medical Examin'!$C$2:$C$2336) -> Obesity | K30: =_xlfn.XLOOKUP(A30,'Data Cleaning in Medical Examin'!$A$2:$A$2336,'Data Cleaning in Medical Examin'!$E$2:$E$2336) -> Diabetes | L30: =_xlfn.XLOOKUP(A30,'DataCleaning in Hospitalisation'!$A$2:$A$2339,'DataCleaning in Hospitalisation'!$E$2:$E$2339) -> 30-Sep-1985 | M30: =_xlfn.XLOOKUP(A30,'DataCleaning in Hospitalisation'!$A$2:$A$2339,'DataCleaning in Hospitalisation'!$H$2:$H$2339) -> 46113.51 | N30: =_xlfn.XLOOKUP(A30,'DataCleaning in Hospitalisation'!$A$2:$A$2339,'DataCleaning in Hospitalisation'!$I$2:$I$2339) -> tier - 2 | O30: =_xlfn.XLOOKUP(A30,'DataCleaning in Hospitalisation'!$A$2:$A$2339,'DataCleaning in Hospitalisation'!$J$2:$J$2339) -> tier - 3 | P30: =_xlfn.XLOOKUP(A30,'DataCleaning in Hospitalisation'!$A$2:$A$2339,'DataCleaning in Hospitalisation'!$K$2:$K$2339) -> R1011 | Q30: =_xlfn.XLOOKUP(A30,'DataCleaning in Hospitalisation'!$A$2:$A$2339,'DataCleaning in Hospitalisation'!$F$2:$F$2339) -> 38 | U30: tier - 2 | V30: 1 | X30: Id1022 | Y30: 11013.71 | AB30: Row Labels | AC30: Count of Diabetes Status | AJ30: Id1022 | AK30: 11013.71
A31: Id30 | B31: =_xlfn.XLOOKUP(A31,'Customer Names'!$A$2:$A$2336,'Customer Names'!$C$2:$C$2336) -> Ms.Natalie | C31: =_xlfn.XLOOKUP(A31,'Data Cleaning in Medical Examin'!$A$2:$A$2336,'Data Cleaning in Medical Examin'!$B$2:$B$2336) -> 37.05 | D31: =_xlfn.XLOOKUP(A31,'Data Cleaning in Medical Examin'!$A$2:$A$2336,'Data Cleaning in Medical Examin'!$D$2:$D$2336) -> 8.44 | E31: =_xlfn.XLOOKUP(A31,'Data Cleaning in Medical Examin'!$A$2:$A$2336,'Data Cleaning in Medical Examin'!$F$2:$F$2336) -> No | F31: =_xlfn.XLOOKUP(A31,'Data Cleaning in Medical Examin'!$A$2:$A$2336,'Data Cleaning in Medical Examin'!$G$2:$G$2336) -> No | G31: =_xlfn.XLOOKUP(A31,'Data Cleaning in Medical Examin'!$A$2:$A$2336,'Data Cleaning in Medical Examin'!$H$2:$H$2336) -> No | H31: =_xlfn.XLOOKUP(A31,'Data Cleaning in Medical Examin'!$A$2:$A$2336,'Data Cleaning in Medical Examin'!$I$2:$I$2336) -> No Major Surgery | I31: =_xlfn.XLOOKUP(A31,'Data Cleaning in Medical Examin'!$A$2:$A$2336,'Data Cleaning in Medical Examin'!$J$2:$J$2336) -> Yes | J31: =_xlfn.XLOOKUP(A31,'Data Cleaning in Medical Examin'!$A$2:$A$2336,'Data Cleaning in Medical Examin'!$C$2:$C$2336) -> Obesity | K31: =_xlfn.XLOOKUP(A31,'Data Cleaning in Medical Examin'!$A$2:$A$2336,'Data Cleaning in Medical Examin'!$E$2:$E$2336) -> Diabetes | L31: =_xlfn.XLOOKUP(A31,'DataCleaning in Hospitalisation'!$A$2:$A$2339,'DataCleaning in Hospitalisation'!$E$2:$E$2339) -> 12-Aug-1979 | M31: =_xlfn.XLOOKUP(A31,'DataCleaning in Hospitalisation'!$A$2:$A$2339,'DataCleaning in Hospitalisation'!$H$2:$H$2339) -> 45863.21 | N31: =_xlfn.XLOOKUP(A31,'DataCleaning in Hospitalisation'!$A$2:$A$2339,'DataCleaning in Hospitalisation'!$I$2:$I$2339) -> tier - 2 | O31: =_xlfn.XLOOKUP(A31,'DataCleaning in Hospitalisation'!$A$2:$A$2339,'DataCleaning in Hospitalisation'!$J$2:$J$2339) -> tier - 1 | P31: =_xlfn.XLOOKUP(A31,'DataCleaning in Hospitalisation'!$A$2:$A$2339,'DataCleaning in Hospitalisation'!$K$2:$K$2339) -> R1013 | Q31: =_xlfn.XLOOKUP(A31,'DataCleaning in Hospitalisation'!$A$2:$A$2339,'DataCleaning in Hospitalisation'!$F$2:$F$2339) -> 44 | U31: No | V31: 1 | X31: Id1023 | Y31: 10991.58 | AB31: Normal Weight | AC31: 437 | AJ31: Id1023 | AK31: 10991.58
A32: Id31 | B32: =_xlfn.XLOOKUP(A32,'Customer Names'!$A$2:$A$2336,'Customer Names'!$C$2:$C$2336) -> Ms.Nicole | C32: =_xlfn.XLOOKUP(A32,'Data Cleaning in Medical Examin'!$A$2:$A$2336,'Data Cleaning in Medical Examin'!$B$2:$B$2336) -> 43.89 | D32: =_xlfn.XLOOKUP(A32,'Data Cleaning in Medical Examin'!$A$2:$A$2336,'Data Cleaning in Medical Examin'!$D$2:$D$2336) -> 8.71 | E32: =_xlfn.XLOOKUP(A32,'Data Cleaning in Medical Examin'!$A$2:$A$2336,'Data Cleaning in Medical Examin'!$F$2:$F$2336) -> No | F32: =_xlfn.XLOOKUP(A32,'Data Cleaning in Medical Examin'!$A$2:$A$2336,'Data Cleaning in Medical Examin'!$G$2:$G$2336) -> No | G32: =_xlfn.XLOOKUP(A32,'Data Cleaning in Medical Examin'!$A$2:$A$2336,'Data Cleaning in Medical Examin'!$H$2:$H$2336) -> No | H32: =_xlfn.XLOOKUP(A32,'Data Cleaning in Medical Examin'!$A$2:$A$2336,'Data Cleaning in Medical Examin'!$I$2:$I$2336) -> No Major Surgery | I32: =_xlfn.XLOOKUP(A32,'Data Cleaning in Medical Examin'!$A$2:$A$2336,'Data Cleaning in Medical Examin'!$J$2:$J$2336) -> Yes | J32: =_xlfn.XLOOKUP(A32,'Data Cleaning in Medical Examin'!$A$2:$A$2336,'Data Cleaning in Medical Examin'!$C$2:$C$2336) -> Obesity | K32: =_xlfn.XLOOKUP(A32,'Data Cleaning in Medical Examin'!$A$2:$A$2336,'Data Cleaning in Medical Examin'!$E$2:$E$2336) -> Diabetes | L32: =_xlfn.XLOOKUP(A32,'DataCleaning in Hospitalisation'!$A$2:$A$2339,'DataCleaning in Hospitalisation'!$E$2:$E$2339) -> 21-Dec-1960 | M32: =_xlfn.XLOOKUP(A32,'DataCleaning in Hospitalisation'!$A$2:$A$2339,'DataCleaning in Hospitalisation'!$H$2:$H$2339) -> 45710.21 | N32: =_xlfn.XLOOKUP(A32,'DataCleaning in Hospitalisation'!$A$2:$A$2339,'DataCleaning in Hospitalisation'!$I$2:$I$2339) -> tier - 2 | O32: =_xlfn.XLOOKUP(A32,'DataCleaning in Hospitalisation'!$A$2:$A$2339,'DataCleaning in Hospitalisation'!$J$2:$J$2339) -> tier - 2 | P32: =_xlfn.XLOOKUP(A32,'DataCleaning in Hospitalisation'!$A$2:$A$2339,'DataCleaning in Hospitalisation'!$K$2:$K$2339) -> R1016 | Q32: =_xlfn.XLOOKUP(A32,'DataCleaning in Hospitalisation'!$A$2:$A$2339,'DataCleaning in Hospitalisation'!$F$2:$F$2339) -> 63 | U32: Yes | V32: 1 | X32: Id1024 | Y32: 10982.5 | AB32: Obesity | AC32: 1221 | AJ32: Id1024 | AK32: 10982.5
A33: Id32 | B33: =_xlfn.XLOOKUP(A33,'Customer Names'!$A$2:$A$2336,'Customer Names'!$C$2:$C$2336) -> Mr.Jefferson | C33: =_xlfn.XLOOKUP(A33,'Data Cleaning in Medical Examin'!$A$2:$A$2336,'Data Cleaning in Medical Examin'!$B$2:$B$2336) -> 42.35 | D33: =_xlfn.XLOOKUP(A33,'Data Cleaning in Medical Examin'!$A$2:$A$2336,'Data Cleaning in Medical Examin'!$D$2:$D$2336) -> 5.08 | E33: =_xlfn.XLOOKUP(A33,'Data Cleaning in Medical Examin'!$A$2:$A$2336,'Data Cleaning in Medical Examin'!$F$2:$F$2336) -> Yes | F33: =_xlfn.XLOOKUP(A33,'Data Cleaning in Medical Examin'!$A$2:$A$2336,'Data Cleaning in Medical Examin'!$G$2:$G$2336) -> No | G33: =_xlfn.XLOOKUP(A33,'Data Cleaning in Medical Examin'!$A$2:$A$2336,'Data Cleaning in Medical Examin'!$H$2:$H$2336) -> No | H33: =_xlfn.XLOOKUP(A33,'Data Cleaning in Medical Examin'!$A$2:$A$2336,'Data Cleaning in Medical Examin'!$I$2:$I$2336) -> No Major Surgery | I33: =_xlfn.XLOOKUP(A33,'Data Cleaning in Medical Examin'!$A$2:$A$2336,'Data Cleaning in Medical Examin'!$J$2:$J$2336) -> Yes | J33: =_xlfn.XLOOKUP(A33,'Data Cleaning in Medical Examin'!$A$2:$A$2336,'Data Cleaning in Medical Examin'!$C$2:$C$2336) -> Obesity | K33: =_xlfn.XLOOKUP(A33,'Data Cleaning in Medical Examin'!$A$2:$A$2336,'Data Cleaning in Medical Examin'!$E$2:$E$2336) -> Normal | L33: =_xlfn.XLOOKUP(A33,'DataCleaning in Hospitalisation'!$A$2:$A$2339,'DataCleaning in Hospitalisation'!$E$2:$E$2339) -> 9-Aug-1974 | M33: =_xlfn.XLOOKUP(A33,'DataCleaning in Hospitalisation'!$A$2:$A$2339,'DataCleaning in Hospitalisation'!$H$2:$H$2339) -> 45702.02 | N33: =_xlfn.XLOOKUP(A33,'DataCleaning in Hospitalisation'!$A$2:$A$2339,'DataCleaning in Hospitalisation'!$I$2:$I$2339) -> tier - 2 | O33: =_xlfn.XLOOKUP(A33,'DataCleaning in Hospitalisation'!$A$2:$A$2339,'DataCleaning in Hospitalisation'!$J$2:$J$2339) -> tier - 2 | P33: =_xlfn.XLOOKUP(A33,'DataCleaning in Hospitalisation'!$A$2:$A$2339,'DataCleaning in Hospitalisation'!$K$2:$K$2339) -> R1012 | Q33: =_xlfn.XLOOKUP(A33,'DataCleaning in Hospitalisation'!$A$2:$A$2339,'DataCleaning in Hospitalisation'!$F$2:$F$2339) -> 49 | U33: Id1002 | V33: 1 | X33: Id1025 | Y33: 10977.21 | AB33: Over Weight | AC33: 501 | AJ33: Id1025 | AK33: 10977.21
A34: Id33 | B34: =_xlfn.XLOOKUP(A34,'Customer Names'!$A$2:$A$2336,'Customer Names'!$C$2:$C$2336) -> Mr.Brendan | C34: =_xlfn.XLOOKUP(A34,'Data Cleaning in Medical Examin'!$A$2:$A$2336,'Data Cleaning in Medical Examin'!$B$2:$B$2336) -> 31.35 | D34: =_xlfn.XLOOKUP(A34,'Data Cleaning in Medical Examin'!$A$2:$A$2336,'Data Cleaning in Medical Examin'!$D$2:$D$2336) -> 6.86 | E34: =_xlfn.XLOOKUP(A34,'Data Cleaning in Medical Examin'!$A$2:$A$2336,'Data Cleaning in Medical Examin'!$F$2:$F$2336) -> No | F34: =_xlfn.XLOOKUP(A34,'Data Cleaning in Medical Examin'!$A$2:$A$2336,'Data Cleaning in Medical Examin'!$G$2:$G$2336) -> No | G34: =_xlfn.XLOOKUP(A34,'Data Cleaning in Medical Examin'!$A$2:$A$2336,'Data Cleaning in Medical Examin'!$H$2:$H$2336) -> No | H34: =_xlfn.XLOOKUP(A34,'Data Cleaning in Medical Examin'!$A$2:$A$2336,'Data Cleaning in Medical Examin'!$I$2:$I$2336) -> No Major Surgery | I34: =_xlfn.XLOOKUP(A34,'Data Cleaning in Medical Examin'!$A$2:$A$2336,'Data Cleaning in Medical Examin'!$J$2:$J$2336) -> Yes | J34: =_xlfn.XLOOKUP(A34,'Data Cleaning in Medical Examin'!$A$2:$A$2336,'Data Cleaning in Medical Examin'!$C$2:$C$2336) -> Obesity | K34: =_xlfn.XLOOKUP(A34,'Data Cleaning in Medical Examin'!$A$2:$A$2336,'Data Cleaning in Medical Examin'!$E$2:$E$2336) -> Diabetes | L34: =_xlfn.XLOOKUP(A34,'DataCleaning in Hospitalisation'!$A$2:$A$2339,'DataCleaning in Hospitalisation'!$E$2:$E$2339) -> 17-Dec-1962 | M34: =_xlfn.XLOOKUP(A34,'DataCleaning in Hospitalisation'!$A$2:$A$2339,'DataCleaning in Hospitalisation'!$H$2:$H$2339) -> 45008.96 | N34: =_xlfn.XLOOKUP(A34,'DataCleaning in Hospitalisation'!$A$2:$A$2339,'DataCleaning in Hospitalisation'!$I$2:$I$2339) -> tier - 2 | O34: =_xlfn.XLOOKUP(A34,'DataCleaning in Hospitalisation'!$A$2:$A$2339,'DataCleaning in Hospitalisation'!$J$2:$J$2339) -> tier - 2 | P34: =_xlfn.XLOOKUP(A34,'DataCleaning in Hospitalisation'!$A$2:$A$2339,'DataCleaning in Hospitalisation'!$K$2:$K$2339) -> R1013 | Q34: =_xlfn.XLOOKUP(A34,'DataCleaning in Hospitalisation'!$A$2:$A$2339,'DataCleaning in Hospitalisation'!$F$2:$F$2339) -> 61 | U34: tier - 3 | V34: 1 | X34: Id1026 | Y34: 10976.25 | AB34: Under Weight | AC34: 176 | AJ34: Id1026 | AK34: 10976.25
A35: Id34 | B35: =_xlfn.XLOOKUP(A35,'Customer Names'!$A$2:$A$2336,'Customer Names'!$C$2:$C$2336) -> Ms.Courtney | C35: =_xlfn.XLOOKUP(A35,'Data Cleaning in Medical Examin'!$A$2:$A$2336,'Data Cleaning in Medical Examin'!$B$2:$B$2336) -> 47.6 | D35: =_xlfn.XLOOKUP(A35,'Data Cleaning in Medical Examin'!$A$2:$A$2336,'Data Cleaning in Medical Examin'!$D$2:$D$2336) -> 5.95 | E35: =_xlfn.XLOOKUP(A35,'Data Cleaning in Medical Examin'!$A$2:$A$2336,'Data Cleaning in Medical Examin'!$F$2:$F$2336) -> Yes | F35: =_xlfn.XLOOKUP(A35,'Data Cleaning in Medical Examin'!$A$2:$A$2336,'Data Cleaning in Medical Examin'!$G$2:$G$2336) -> No | G35: =_xlfn.XLOOKUP(A35,'Data Cleaning in Medical Examin'!$A$2:$A$2336,'Data Cleaning in Medical Examin'!$H$2:$H$2336) -> No | H35: =_xlfn.XLOOKUP(A35,'Data Cleaning in Medical Examin'!$A$2:$A$2336,'Data Cleaning in Medical Examin'!$I$2:$I$2336) -> No Major Surgery | I35: =_xlfn.XLOOKUP(A35,'Data Cleaning in Medical Examin'!$A$2:$A$2336,'Data Cleaning in Medical Examin'!$J$2:$J$2336) -> Yes | J35: =_xlfn.XLOOKUP(A35,'Data Cleaning in Medical Examin'!$A$2:$A$2336,'Data Cleaning in Medical Examin'!$C$2:$C$2336) -> Obesity | K35: =_xlfn.XLOOKUP(A35,'Data Cleaning in Medical Examin'!$A$2:$A$2336,'Data Cleaning in Medical Examin'!$E$2:$E$2336) -> Prediabetes | L35: =_xlfn.XLOOKUP(A35,'DataCleaning in Hospitalisation'!$A$2:$A$2339,'DataCleaning in Hospitalisation'!$E$2:$E$2339) -> 13-Aug-1971 | M35: =_xlfn.XLOOKUP(A35,'DataCleaning in Hospitalisation'!$A$2:$A$2339,'DataCleaning in Hospitalisation'!$H$2:$H$2339) -> 44641.2 | N35: =_xlfn.XLOOKUP(A35,'DataCleaning in Hospitalisation'!$A$2:$A$2339,'DataCleaning in Hospitalisation'!$I$2:$I$2339) -> tier - 2 | O35: =_xlfn.XLOOKUP(A35,'DataCleaning in Hospitalisation'!$A$2:$A$2339,'DataCleaning in Hospitalisation'!$J$2:$J$2339) -> tier - 3 | P35: =_xlfn.XLOOKUP(A35,'DataCleaning in Hospitalisation'!$A$2:$A$2339,'DataCleaning in Hospitalisation'!$K$2:$K$2339) -> R1024 | Q35: =_xlfn.XLOOKUP(A35,'DataCleaning in Hospitalisation'!$A$2:$A$2339,'DataCleaning in Hospitalisation'!$F$2:$F$2339) -> 52 | U35: No Major Surgery | V35: 1 | X35: Id1027 | Y35: 10965.45 | AB35: Grand Total | AC35: 2335 | AJ35: Id1027 | AK35: 10965.45
A36: Id35 | B36: =_xlfn.XLOOKUP(A36,'Customer Names'!$A$2:$A$2336,'Customer Names'!$C$2:$C$2336) -> Ms.Sydney | C36: =_xlfn.XLOOKUP(A36,'Data Cleaning in Medical Examin'!$A$2:$A$2336,'Data Cleaning in Medical Examin'!$B$2:$B$2336) -> 46.2 | D36: =_xlfn.XLOOKUP(A36,'Data Cleaning in Medical Examin'!$A$2:$A$2336,'Data Cleaning in Medical Examin'!$D$2:$D$2336) -> 6.09 | E36: =_xlfn.XLOOKUP(A36,'Data Cleaning in Medical Examin'!$A$2:$A$2336,'Data Cleaning in Medical Examin'!$F$2:$F$2336) -> No | F36: =_xlfn.XLOOKUP(A36,'Data Cleaning in Medical Examin'!$A$2:$A$2336,'Data Cleaning in Medical Examin'!$G$2:$G$2336) -> No | G36: =_xlfn.XLOOKUP(A36,'Data Cleaning in Medical Examin'!$A$2:$A$2336,'Data Cleaning in Medical Examin'!$H$2:$H$2336) -> Yes | H36: =_xlfn.XLOOKUP(A36,'Data Cleaning in Medical Examin'!$A$2:$A$2336,'Data Cleaning in Medical Examin'!$I$2:$I$2336) -> 1 Major Surgery | I36: =_xlfn.XLOOKUP(A36,'Data Cleaning in Medical Examin'!$A$2:$A$2336,'Data Cleaning in Medical Examin'!$J$2:$J$2336) -> Yes | J36: =_xlfn.XLOOKUP(A36,'Data Cleaning in Medical Examin'!$A$2:$A$2336,'Data Cleaning in Medical Examin'!$C$2:$C$2336) -> Obesity | K36: =_xlfn.XLOOKUP(A36,'Data Cleaning in Medical Examin'!$A$2:$A$2336,'Data Cleaning in Medical Examin'!$E$2:$E$2336) -> Prediabetes | L36: =_xlfn.XLOOKUP(A36,'DataCleaning in Hospitalisation'!$A$2:$A$2339,'DataCleaning in Hospitalisation'!$E$2:$E$2339) -> 11-Oct-1993 | M36: =_xlfn.XLOOKUP(A36,'DataCleaning in Hospitalisation'!$A$2:$A$2339,'DataCleaning in Hospitalisation'!$H$2:$H$2339) -> 44585.46 | N36: =_xlfn.XLOOKUP(A36,'DataCleaning in Hospitalisation'!$A$2:$A$2339,'DataCleaning in Hospitalisation'!$I$2:$I$2339) -> tier - 2 | O36: =_xlfn.XLOOKUP(A36,'DataCleaning in Hospitalisation'!$A$2:$A$2339,'DataCleaning in Hospitalisation'!$J$2:$J$2339) -> tier - 2 | P36: =_xlfn.XLOOKUP(A36,'DataCleaning in Hospitalisation'!$A$2:$A$2339,'DataCleaning in Hospitalisation'!$K$2:$K$2339) -> R1011 | Q36: =_xlfn.XLOOKUP(A36,'DataCleaning in Hospitalisation'!$A$2:$A$2339,'DataCleaning in Hospitalisation'!$F$2:$F$2339) -> 30 | U36: tier - 2 | V36: 1 | X36: Id1028 | Y36: 10959.69 | AJ36: Id1028 | AK36: 10959.69
A37: Id36 | B37: =_xlfn.XLOOKUP(A37,'Customer Names'!$A$2:$A$2336,'Customer Names'!$C$2:$C$2336) -> Mr.Julien | C37: =_xlfn.XLOOKUP(A37,'Data Cleaning in Medical Examin'!$A$2:$A$2336,'Data Cleaning in Medical Examin'!$B$2:$B$2336) -> 32.015 | D37: =_xlfn.XLOOKUP(A37,'Data Cleaning in Medical Examin'!$A$2:$A$2336,'Data Cleaning in Medical Examin'!$D$2:$D$2336) -> 11.75 | E37: =_xlfn.XLOOKUP(A37,'Data Cleaning in Medical Examin'!$A$2:$A$2336,'Data Cleaning in Medical Examin'!$F$2:$F$2336) -> No | F37: =_xlfn.XLOOKUP(A37,'Data Cleaning in Medical Examin'!$A$2:$A$2336,'Data Cleaning in Medical Examin'!$G$2:$G$2336) -> No | G37: =_xlfn.XLOOKUP(A37,'Data Cleaning in Medical Examin'!$A$2:$A$2336,'Data Cleaning in Medical Examin'!$H$2:$H$2336) -> No | H37: =_xlfn.XLOOKUP(A37,'Data Cleaning in Medical Examin'!$A$2:$A$2336,'Data Cleaning in Medical Examin'!$I$2:$I$2336) -> No Major Surgery | I37: =_xlfn.XLOOKUP(A37,'Data Cleaning in Medical Examin'!$A$2:$A$2336,'Data Cleaning in Medical Examin'!$J$2:$J$2336) -> Yes | J37: =_xlfn.XLOOKUP(A37,'Data Cleaning in Medical Examin'!$A$2:$A$2336,'Data Cleaning in Medical Examin'!$C$2:$C$2336) -> Obesity | K37: =_xlfn.XLOOKUP(A37,'Data Cleaning in Medical Examin'!$A$2:$A$2336,'Data Cleaning in Medical Examin'!$E$2:$E$2336) -> Diabetes | L37: =_xlfn.XLOOKUP(A37,'DataCleaning in Hospitalisation'!$A$2:$A$2339,'DataCleaning in Hospitalisation'!$E$2:$E$2339) -> 2-Aug-2000 | M37: =_xlfn.XLOOKUP(A37,'DataCleaning in Hospitalisation'!$A$2:$A$2339,'DataCleaning in Hospitalisation'!$H$2:$H$2339) -> 44501.4 | N37: =_xlfn.XLOOKUP(A37,'DataCleaning in Hospitalisation'!$A$2:$A$2339,'DataCleaning in Hospitalisation'!$I$2:$I$2339) -> tier - 2 | O37: =_xlfn.XLOOKUP(A37,'DataCleaning in Hospitalisation'!$A$2:$A$2339,'DataCleaning in Hospitalisation'!$J$2:$J$2339) -> tier - 3 | P37: =_xlfn.XLOOKUP(A37,'DataCleaning in Hospitalisation'!$A$2:$A$2339,'DataCleaning in Hospitalisation'!$K$2:$K$2339) -> R1013 | Q37: =_xlfn.XLOOKUP(A37,'DataCleaning in Hospitalisation'!$A$2:$A$2339,'DataCleaning in Hospitalisation'!$F$2:$F$2339) -> 23 | U37: No | V37: 1 | X37: Id1029 | Y37: 10959.33 | AJ37: Id1029 | AK37: 10959.33
A38: Id37 | B38: =_xlfn.XLOOKUP(A38,'Customer Names'!$A$2:$A$2336,'Customer Names'!$C$2:$C$2336) -> Mr.Ryan | C38: =_xlfn.XLOOKUP(A38,'Data Cleaning in Medical Examin'!$A$2:$A$2336,'Data Cleaning in Medical Examin'!$B$2:$B$2336) -> 40.565 | D38: =_xlfn.XLOOKUP(A38,'Data Cleaning in Medical Examin'!$A$2:$A$2336,'Data Cleaning in Medical Examin'!$D$2:$D$2336) -> 7.37 | E38: =_xlfn.XLOOKUP(A38,'Data Cleaning in Medical Examin'!$A$2:$A$2336,'Data Cleaning in Medical Examin'!$F$2:$F$2336) -> No | F38: =_xlfn.XLOOKUP(A38,'Data Cleaning in Medical Examin'!$A$2:$A$2336,'Data Cleaning in Medical Examin'!$G$2:$G$2336) -> No | G38: =_xlfn.XLOOKUP(A38,'Data Cleaning in Medical Examin'!$A$2:$A$2336,'Data Cleaning in Medical Examin'!$H$2:$H$2336) -> No | H38: =_xlfn.XLOOKUP(A38,'Data Cleaning in Medical Examin'!$A$2:$A$2336,'Data Cleaning in Medical Examin'!$I$2:$I$2336) -> No Major Surgery | I38: =_xlfn.XLOOKUP(A38,'Data Cleaning in Medical Examin'!$A$2:$A$2336,'Data Cleaning in Medical Examin'!$J$2:$J$2336) -> Yes | J38: =_xlfn.XLOOKUP(A38,'Data Cleaning in Medical Examin'!$A$2:$A$2336,'Data Cleaning in Medical Examin'!$C$2:$C$2336) -> Obesity | K38: =_xlfn.XLOOKUP(A38,'Data Cleaning in Medical Examin'!$A$2:$A$2336,'Data Cleaning in Medical Examin'!$E$2:$E$2336) -> Diabetes | L38: =_xlfn.XLOOKUP(A38,'DataCleaning in Hospitalisation'!$A$2:$A$2339,'DataCleaning in Hospitalisation'!$E$2:$E$2339) -> 14-Sep-1967 | M38: =_xlfn.XLOOKUP(A38,'DataCleaning in Hospitalisation'!$A$2:$A$2339,'DataCleaning in Hospitalisation'!$H$2:$H$2339) -> 44423.8 | N38: =_xlfn.XLOOKUP(A38,'DataCleaning in Hospitalisation'!$A$2:$A$2339,'DataCleaning in Hospitalisation'!$I$2:$I$2339) -> tier - 2 | O38: =_xlfn.XLOOKUP(A38,'DataCleaning in Hospitalisation'!$A$2:$A$2339,'DataCleaning in Hospitalisation'!$J$2:$J$2339) -> tier - 3 | P38: =_xlfn.XLOOKUP(A38,'DataCleaning in Hospitalisation'!$A$2:$A$2339,'DataCleaning in Hospitalisation'!$K$2:$K$2339) -> R1013 | Q38: =_xlfn.XLOOKUP(A38,'DataCleaning in Hospitalisation'!$A$2:$A$2339,'DataCleaning in Hospitalisation'!$F$2:$F$2339) -> 56 | U38: Yes | V38: 1 | X38: Id103 | Y38: 40003.33 | AJ38: Id103 | AK38: 40003.33
A39: Id38 | B39: =_xlfn.XLOOKUP(A39,'Customer Names'!$A$2:$A$2336,'Customer Names'!$C$2:$C$2336) -> Ms.Anna | C39: =_xlfn.XLOOKUP(A39,'Data Cleaning in Medical Examin'!$A$2:$A$2336,'Data Cleaning in Medical Examin'!$B$2:$B$2336) -> 32.45 | D39: =_xlfn.XLOOKUP(A39,'Data Cleaning in Medical Examin'!$A$2:$A$2336,'Data Cleaning in Medical Examin'!$D$2:$D$2336) -> 11.91 | E39: =_xlfn.XLOOKUP(A39,'Data Cleaning in Medical Examin'!$A$2:$A$2336,'Data Cleaning in Medical Examin'!$F$2:$F$2336) -> No | F39: =_xlfn.XLOOKUP(A39,'Data Cleaning in Medical Examin'!$A$2:$A$2336,'Data Cleaning in Medical Examin'!$G$2:$G$2336) -> No | G39: =_xlfn.XLOOKUP(A39,'Data Cleaning in Medical Examin'!$A$2:$A$2336,'Data Cleaning in Medical Examin'!$H$2:$H$2336) -> No | H39: =_xlfn.XLOOKUP(A39,'Data Cleaning in Medical Examin'!$A$2:$A$2336,'Data Cleaning in Medical Examin'!$I$2:$I$2336) -> No Major Surgery | I39: =_xlfn.XLOOKUP(A39,'Data Cleaning in Medical Examin'!$A$2:$A$2336,'Data Cleaning in Medical Examin'!$J$2:$J$2336) -> Yes | J39: =_xlfn.XLOOKUP(A39,'Data Cleaning in Medical Examin'!$A$2:$A$2336,'Data Cleaning in Medical Examin'!$C$2:$C$2336) -> Obesity | K39: =_xlfn.XLOOKUP(A39,'Data Cleaning in Medical Examin'!$A$2:$A$2336,'Data Cleaning in Medical Examin'!$E$2:$E$2336) -> Diabetes | L39: =_xlfn.XLOOKUP(A39,'DataCleaning in Hospitalisation'!$A$2:$A$2339,'DataCleaning in Hospitalisation'!$E$2:$E$2339) -> 29-Oct-1971 | M39: =_xlfn.XLOOKUP(A39,'DataCleaning in Hospitalisation'!$A$2:$A$2339,'DataCleaning in Hospitalisation'!$H$2:$H$2339) -> 44400.41 | N39: =_xlfn.XLOOKUP(A39,'DataCleaning in Hospitalisation'!$A$2:$A$2339,'DataCleaning in Hospitalisation'!$I$2:$I$2339) -> tier - 2 | O39: =_xlfn.XLOOKUP(A39,'DataCleaning in Hospitalisation'!$A$2:$A$2339,'DataCleaning in Hospitalisation'!$J$2:$J$2339) -> tier - 2 | P39: =_xlfn.XLOOKUP(A39,'DataCleaning in Hospitalisation'!$A$2:$A$2339,'DataCleaning in Hospitalisation'!$K$2:$K$2339) -> R1013 | Q39: =_xlfn.XLOOKUP(A39,'DataCleaning in Hospitalisation'!$A$2:$A$2339,'DataCleaning in Hospitalisation'!$F$2:$F$2339) -> 52 | U39: Id1003 | V39: 1 | X39: Id1030 | Y39: 10942.13 | AJ39: Id1030 | AK39: 10942.13
A40: Id39 | B40: =_xlfn.XLOOKUP(A40,'Customer Names'!$A$2:$A$2336,'Customer Names'!$C$2:$C$2336) -> Ms.Samantha | C40: =_xlfn.XLOOKUP(A40,'Data Cleaning in Medical Examin'!$A$2:$A$2336,'Data Cleaning in Medical Examin'!$B$2:$B$2336) -> 34.96 | D40: =_xlfn.XLOOKUP(A40,'Data Cleaning in Medical Examin'!$A$2:$A$2336,'Data Cleaning in Medical Examin'!$D$2:$D$2336) -> 6.52 | E40: =_xlfn.XLOOKUP(A40,'Data Cleaning in Medical Examin'!$A$2:$A$2336,'Data Cleaning in Medical Examin'!$F$2:$F$2336) -> No | F40: =_xlfn.XLOOKUP(A40,'Data Cleaning in Medical Examin'!$A$2:$A$2336,'Data Cleaning in Medical Examin'!$G$2:$G$2336) -> No | G40: =_xlfn.XLOOKUP(A40,'Data Cleaning in Medical Examin'!$A$2:$A$2336,'Data Cleaning in Medical Examin'!$H$2:$H$2336) -> No | H40: =_xlfn.XLOOKUP(A40,'Data Cleaning in Medical Examin'!$A$2:$A$2336,'Data Cleaning in Medical Examin'!$I$2:$I$2336) -> No Major Surgery | I40: =_xlfn.XLOOKUP(A40,'Data Cleaning in Medical Examin'!$A$2:$A$2336,'Data Cleaning in Medical Examin'!$J$2:$J$2336) -> Yes | J40: =_xlfn.XLOOKUP(A40,'Data Cleaning in Medical Examin'!$A$2:$A$2336,'Data Cleaning in Medical Examin'!$C$2:$C$2336) -> Obesity | K40: =_xlfn.XLOOKUP(A40,'Data Cleaning in Medical Examin'!$A$2:$A$2336,'Data Cleaning in Medical Examin'!$E$2:$E$2336) -> Diabetes | L40: =_xlfn.XLOOKUP(A40,'DataCleaning in Hospitalisation'!$A$2:$A$2339,'DataCleaning in Hospitalisation'!$E$2:$E$2339) -> 24-Nov-1968 | M40: =_xlfn.XLOOKUP(A40,'DataCleaning in Hospitalisation'!$A$2:$A$2339,'DataCleaning in Hospitalisation'!$H$2:$H$2339) -> 44260.75 | N40: =_xlfn.XLOOKUP(A40,'DataCleaning in Hospitalisation'!$A$2:$A$2339,'DataCleaning in Hospitalisation'!$I$2:$I$2339) -> tier - 2 | O40: =_xlfn.XLOOKUP(A40,'DataCleaning in Hospitalisation'!$A$2:$A$2339,'DataCleaning in Hospitalisation'!$J$2:$J$2339) -> tier - 1 | P40: =_xlfn.XLOOKUP(A40,'DataCleaning in Hospitalisation'!$A$2:$A$2339,'DataCleaning in Hospitalisation'!$K$2:$K$2339) -> R1013 | Q40: =_xlfn.XLOOKUP(A40,'DataCleaning in Hospitalisation'!$A$2:$A$2339,'DataCleaning in Hospitalisation'!$F$2:$F$2339) -> 55 | U40: tier - 3 | V40: 1 | X40: Id1031 | Y40: 10928.85 | AJ40: Id1031 | AK40: 10928.85
A41: Id40 | B41: =_xlfn.XLOOKUP(A41,'Customer Names'!$A$2:$A$2336,'Customer Names'!$C$2:$C$2336) -> Mr.Robert | C41: =_xlfn.XLOOKUP(A41,'Data Cleaning in Medical Examin'!$A$2:$A$2336,'Data Cleaning in Medical Examin'!$B$2:$B$2336) -> 35.5 | D41: =_xlfn.XLOOKUP(A41,'Data Cleaning in Medical Examin'!$A$2:$A$2336,'Data Cleaning in Medical Examin'!$D$2:$D$2336) -> 5.14 | E41: =_xlfn.XLOOKUP(A41,'Data Cleaning in Medical Examin'!$A$2:$A$2336,'Data Cleaning in Medical Examin'!$F$2:$F$2336) -> No | F41: =_xlfn.XLOOKUP(A41,'Data Cleaning in Medical Examin'!$A$2:$A$2336,'Data Cleaning in Medical Examin'!$G$2:$G$2336) -> No | G41: =_xlfn.XLOOKUP(A41,'Data Cleaning in Medical Examin'!$A$2:$A$2336,'Data Cleaning in Medical Examin'!$H$2:$H$2336) -> Yes | H41: =_xlfn.XLOOKUP(A41,'Data Cleaning in Medical Examin'!$A$2:$A$2336,'Data Cleaning in Medical Examin'!$I$2:$I$2336) -> 1 Major Surgery | I41: =_xlfn.XLOOKUP(A41,'Data Cleaning in Medical Examin'!$A$2:$A$2336,'Data Cleaning in Medical Examin'!$J$2:$J$2336) -> Yes | J41: =_xlfn.XLOOKUP(A41,'Data Cleaning in Medical Examin'!$A$2:$A$2336,'Data Cleaning in Medical Examin'!$C$2:$C$2336) -> Obesity | K41: =_xlfn.XLOOKUP(A41,'Data Cleaning in Medical Examin'!$A$2:$A$2336,'Data Cleaning in Medical Examin'!$E$2:$E$2336) -> Normal | L41: =_xlfn.XLOOKUP(A41,'DataCleaning in Hospitalisation'!$A$2:$A$2339,'DataCleaning in Hospitalisation'!$E$2:$E$2339) -> 1-Jun-1975 | M41: =_xlfn.XLOOKUP(A41,'DataCleaning in Hospitalisation'!$A$2:$A$2339,'DataCleaning in Hospitalisation'!$H$2:$H$2339) -> 44202.65 | N41: =_xlfn.XLOOKUP(A41,'DataCleaning in Hospitalisation'!$A$2:$A$2339,'DataCleaning in Hospitalisation'!$I$2:$I$2339) -> tier - 2 | O41: =_xlfn.XLOOKUP(A41,'DataCleaning in Hospitalisation'!$A$2:$A$2339,'DataCleaning in Hospitalisation'!$J$2:$J$2339) -> tier - 2 | P41: =_xlfn.XLOOKUP(A41,'DataCleaning in Hospitalisation'!$A$2:$A$2339,'DataCleaning in Hospitalisation'!$K$2:$K$2339) -> R1013 | Q41: =_xlfn.XLOOKUP(A41,'DataCleaning in Hospitalisation'!$A$2:$A$2339,'DataCleaning in Hospitalisation'!$F$2:$F$2339) -> 48 | U41: 2 Major Surgery | V41: 1 | X41: Id1032 | Y41: 10923.93 | AJ41: Id1032 | AK41: 10923.93
A42: Id41 | B42: =_xlfn.XLOOKUP(A42,'Customer Names'!$A$2:$A$2336,'Customer Names'!$C$2:$C$2336) -> Mr.James | C42: =_xlfn.XLOOKUP(A42,'Data Cleaning in Medical Examin'!$A$2:$A$2336,'Data Cleaning in Medical Examin'!$B$2:$B$2336) -> 52.58 | D42: =_xlfn.XLOOKUP(A42,'Data Cleaning in Medical Examin'!$A$2:$A$2336,'Data Cleaning in Medical Examin'!$D$2:$D$2336) -> 4.19 | E42: =_xlfn.XLOOKUP(A42,'Data Cleaning in Medical Examin'!$A$2:$A$2336,'Data Cleaning in Medical Examin'!$F$2:$F$2336) -> No | F42: =_xlfn.XLOOKUP(A42,'Data Cleaning in Medical Examin'!$A$2:$A$2336,'Data Cleaning in Medical Examin'!$G$2:$G$2336) -> Yes | G42: =_xlfn.XLOOKUP(A42,'Data Cleaning in Medical Examin'!$A$2:$A$2336,'Data Cleaning in Medical Examin'!$H$2:$H$2336) -> No | H42: =_xlfn.XLOOKUP(A42,'Data Cleaning in Medical Examin'!$A$2:$A$2336,'Data Cleaning in Medical Examin'!$I$2:$I$2336) -> 1 Major Surgery | I42: =_xlfn.XLOOKUP(A42,'Data Cleaning in Medical Examin'!$A$2:$A$2336,'Data Cleaning in Medical Examin'!$J$2:$J$2336) -> Yes | J42: =_xlfn.XLOOKUP(A42,'Data Cleaning in Medical Examin'!$A$2:$A$2336,'Data Cleaning in Medical Examin'!$C$2:$C$2336) -> Obesity | K42: =_xlfn.XLOOKUP(A42,'Data Cleaning in Medical Examin'!$A$2:$A$2336,'Data Cleaning in Medical Examin'!$E$2:$E$2336) -> Normal | L42: =_xlfn.XLOOKUP(A42,'DataCleaning in Hospitalisation'!$A$2:$A$2339,'DataCleaning in Hospitalisation'!$E$2:$E$2339) -> 16-Jul-1988 | M42: =_xlfn.XLOOKUP(A42,'DataCleaning in Hospitalisation'!$A$2:$A$2339,'DataCleaning in Hospitalisation'!$H$2:$H$2339) -> 43943.88 | N42: =_xlfn.XLOOKUP(A42,'DataCleaning in Hospitalisation'!$A$2:$A$2339,'DataCleaning in Hospitalisation'!$I$2:$I$2339) -> tier - 2 | O42: =_xlfn.XLOOKUP(A42,'DataCleaning in Hospitalisation'!$A$2:$A$2339,'DataCleaning in Hospitalisation'!$J$2:$J$2339) -> tier - 1 | P42: =_xlfn.XLOOKUP(A42,'DataCleaning in Hospitalisation'!$A$2:$A$2339,'DataCleaning in Hospitalisation'!$K$2:$K$2339) -> R1012 | Q42: =_xlfn.XLOOKUP(A42,'DataCleaning in Hospitalisation'!$A$2:$A$2339,'DataCleaning in Hospitalisation'!$F$2:$F$2339) -> 35 | U42: tier - 1 | V42: 1 | X42: Id1033 | Y42: 10886.66 | AJ42: Id1033 | AK42: 10886.66
A43: Id42 | B43: =_xlfn.XLOOKUP(A43,'Customer Names'!$A$2:$A$2336,'Customer Names'!$C$2:$C$2336) -> Ms.Roseann | C43: =_xlfn.XLOOKUP(A43,'Data Cleaning in Medical Examin'!$A$2:$A$2336,'Data Cleaning in Medical Examin'!$B$2:$B$2336) -> 35.2 | D43: =_xlfn.XLOOKUP(A43,'Data Cleaning in Medical Examin'!$A$2:$A$2336,'Data Cleaning in Medical Examin'!$D$2:$D$2336) -> 11.68 | E43: =_xlfn.XLOOKUP(A43,'Data Cleaning in Medical Examin'!$A$2:$A$2336,'Data Cleaning in Medical Examin'!$F$2:$F$2336) -> Yes | F43: =_xlfn.XLOOKUP(A43,'Data Cleaning in Medical Examin'!$A$2:$A$2336,'Data Cleaning in Medical Examin'!$G$2:$G$2336) -> No | G43: =_xlfn.XLOOKUP(A43,'Data Cleaning in Medical Examin'!$A$2:$A$2336,'Data Cleaning in Medical Examin'!$H$2:$H$2336) -> No | H43: =_xlfn.XLOOKUP(A43,'Data Cleaning in Medical Examin'!$A$2:$A$2336,'Data Cleaning in Medical Examin'!$I$2:$I$2336) -> No Major Surgery | I43: =_xlfn.XLOOKUP(A43,'Data Cleaning in Medical Examin'!$A$2:$A$2336,'Data Cleaning in Medical Examin'!$J$2:$J$2336) -> Yes | J43: =_xlfn.XLOOKUP(A43,'Data Cleaning in Medical Examin'!$A$2:$A$2336,'Data Cleaning in Medical Examin'!$C$2:$C$2336) -> Obesity | K43: =_xlfn.XLOOKUP(A43,'Data Cleaning in Medical Examin'!$A$2:$A$2336,'Data Cleaning in Medical Examin'!$E$2:$E$2336) -> Diabetes | L43: =_xlfn.XLOOKUP(A43,'DataCleaning in Hospitalisation'!$A$2:$A$2339,'DataCleaning in Hospitalisation'!$E$2:$E$2339) -> 5-Oct-1966 | M43: =_xlfn.XLOOKUP(A43,'DataCleaning in Hospitalisation'!$A$2:$A$2339,'DataCleaning in Hospitalisation'!$H$2:$H$2339) -> 43921.18 | N43: =_xlfn.XLOOKUP(A43,'DataCleaning in Hospitalisation'!$A$2:$A$2339,'DataCleaning in Hospitalisation'!$I$2:$I$2339) -> tier - 2 | O43: =_xlfn.XLOOKUP(A43,'DataCleaning in Hospitalisation'!$A$2:$A$2339,'DataCleaning in Hospitalisation'!$J$2:$J$2339) -> tier - 2 | P43: =_xlfn.XLOOKUP(A43,'DataCleaning in Hospitalisation'!$A$2:$A$2339,'DataCleaning in Hospitalisation'!$K$2:$K$2339) -> R1012 | Q43: =_xlfn.XLOOKUP(A43,'DataCleaning in Hospitalisation'!$A$2:$A$2339,'DataCleaning in Hospitalisation'!$F$2:$F$2339) -> 57 | U43: No | V43: 1 | X43: Id1034 | Y43: 10848.13 | AJ43: Id1034 | AK43: 10848.13
A44: Id43 | B44: =_xlfn.XLOOKUP(A44,'Customer Names'!$A$2:$A$2336,'Customer Names'!$C$2:$C$2336) -> Ms.Nicole | C44: =_xlfn.XLOOKUP(A44,'Data Cleaning in Medical Examin'!$A$2:$A$2336,'Data Cleaning in Medical Examin'!$B$2:$B$2336) -> 38.06 | D44: =_xlfn.XLOOKUP(A44,'Data Cleaning in Medical Examin'!$A$2:$A$2336,'Data Cleaning in Medical Examin'!$D$2:$D$2336) -> 6.98 | E44: =_xlfn.XLOOKUP(A44,'Data Cleaning in Medical Examin'!$A$2:$A$2336,'Data Cleaning in Medical Examin'!$F$2:$F$2336) -> No | F44: =_xlfn.XLOOKUP(A44,'Data Cleaning in Medical Examin'!$A$2:$A$2336,'Data Cleaning in Medical Examin'!$G$2:$G$2336) -> No | G44: =_xlfn.XLOOKUP(A44,'Data Cleaning in Medical Examin'!$A$2:$A$2336,'Data Cleaning in Medical Examin'!$H$2:$H$2336) -> No | H44: =_xlfn.XLOOKUP(A44,'Data Cleaning in Medical Examin'!$A$2:$A$2336,'Data Cleaning in Medical Examin'!$I$2:$I$2336) -> No Major Surgery | I44: =_xlfn.XLOOKUP(A44,'Data Cleaning in Medical Examin'!$A$2:$A$2336,'Data Cleaning in Medical Examin'!$J$2:$J$2336) -> Yes | J44: =_xlfn.XLOOKUP(A44,'Data Cleaning in Medical Examin'!$A$2:$A$2336,'Data Cleaning in Medical Examin'!$C$2:$C$2336) -> Obesity | K44: =_xlfn.XLOOKUP(A44,'Data Cleaning in Medical Examin'!$A$2:$A$2336,'Data Cleaning in Medical Examin'!$E$2:$E$2336) -> Diabetes | L44: =_xlfn.XLOOKUP(A44,'DataCleaning in Hospitalisation'!$A$2:$A$2339,'DataCleaning in Hospitalisation'!$E$2:$E$2339) -> 10-Nov-1980 | M44: =_xlfn.XLOOKUP(A44,'DataCleaning in Hospitalisation'!$A$2:$A$2339,'DataCleaning in Hospitalisation'!$H$2:$H$2339) -> 43896.38 | N44: =_xlfn.XLOOKUP(A44,'DataCleaning in Hospitalisation'!$A$2:$A$2339,'DataCleaning in Hospitalisation'!$I$2:$I$2339) -> tier - 2 | O44: =_xlfn.XLOOKUP(A44,'DataCleaning in Hospitalisation'!$A$2:$A$2339,'DataCleaning in Hospitalisation'!$J$2:$J$2339) -> tier - 1 | P44: =_xlfn.XLOOKUP(A44,'DataCleaning in Hospitalisation'!$A$2:$A$2339,'DataCleaning in Hospitalisation'!$K$2:$K$2339) -> R1013 | Q44: =_xlfn.XLOOKUP(A44,'DataCleaning in Hospitalisation'!$A$2:$A$2339,'DataCleaning in Hospitalisation'!$F$2:$F$2339) -> 43 | U44: Yes | V44: 1 | X44: Id1035 | Y44: 10825.25 | AJ44: Id1035 | AK44: 10825.25
A45: Id44 | B45: =_xlfn.XLOOKUP(A45,'Customer Names'!$A$2:$A$2336,'Customer Names'!$C$2:$C$2336) -> Mr.Spencer | C45: =_xlfn.XLOOKUP(A45,'Data Cleaning in Medical Examin'!$A$2:$A$2336,'Data Cleaning in Medical Examin'!$B$2:$B$2336) -> 34.21 | D45: =_xlfn.XLOOKUP(A45,'Data Cleaning in Medical Examin'!$A$2:$A$2336,'Data Cleaning in Medical Examin'!$D$2:$D$2336) -> 8.34 | E45: =_xlfn.XLOOKUP(A45,'Data Cleaning in Medical Examin'!$A$2:$A$2336,'Data Cleaning in Medical Examin'!$F$2:$F$2336) -> No | F45: =_xlfn.XLOOKUP(A45,'Data Cleaning in Medical Examin'!$A$2:$A$2336,'Data Cleaning in Medical Examin'!$G$2:$G$2336) -> No | G45: =_xlfn.XLOOKUP(A45,'Data Cleaning in Medical Examin'!$A$2:$A$2336,'Data Cleaning in Medical Examin'!$H$2:$H$2336) -> No | H45: =_xlfn.XLOOKUP(A45,'Data Cleaning in Medical Examin'!$A$2:$A$2336,'Data Cleaning in Medical Examin'!$I$2:$I$2336) -> No Major Surgery | I45: =_xlfn.XLOOKUP(A45,'Data Cleaning in Medical Examin'!$A$2:$A$2336,'Data Cleaning in Medical Examin'!$J$2:$J$2336) -> Yes | J45: =_xlfn.XLOOKUP(A45,'Data Cleaning in Medical Examin'!$A$2:$A$2336,'Data Cleaning in Medical Examin'!$C$2:$C$2336) -> Obesity | K45: =_xlfn.XLOOKUP(A45,'Data Cleaning in Medical Examin'!$A$2:$A$2336,'Data Cleaning in Medical Examin'!$E$2:$E$2336) -> Diabetes | L45: =_xlfn.XLOOKUP(A45,'DataCleaning in Hospitalisation'!$A$2:$A$2339,'DataCleaning in Hospitalisation'!$E$2:$E$2339) -> 2-Jul-1966 | M45: =_xlfn.XLOOKUP(A45,'DataCleaning in Hospitalisation'!$A$2:$A$2339,'DataCleaning in Hospitalisation'!$H$2:$H$2339) -> 43817.45 | N45: =_xlfn.XLOOKUP(A45,'DataCleaning in Hospitalisation'!$A$2:$A$2339,'DataCleaning in Hospitalisation'!$I$2:$I$2339) -> tier - 2 | O45: =_xlfn.XLOOKUP(A45,'DataCleaning in Hospitalisation'!$A$2:$A$2339,'DataCleaning in Hospitalisation'!$J$2:$J$2339) -> tier - 3 | P45: =_xlfn.XLOOKUP(A45,'DataCleaning in Hospitalisation'!$A$2:$A$2339,'DataCleaning in Hospitalisation'!$K$2:$K$2339) -> R1012 | Q45: =_xlfn.XLOOKUP(A45,'DataCleaning in Hospitalisation'!$A$2:$A$2339,'DataCleaning in Hospitalisation'!$F$2:$F$2339) -> 57 | U45: Id1004 | V45: 1 | X45: Id1036 | Y45: 10807.49 | AJ45: Id1036 | AK45: 10807.49
A46: Id45 | B46: =_xlfn.XLOOKUP(A46,'Customer Names'!$A$2:$A$2336,'Customer Names'!$C$2:$C$2336) -> Mr.Eric | C46: =_xlfn.XLOOKUP(A46,'Data Cleaning in Medical Examin'!$A$2:$A$2336,'Data Cleaning in Medical Examin'!$B$2:$B$2336) -> 38.94 | D46: =_xlfn.XLOOKUP(A46,'Data Cleaning in Medical Examin'!$A$2:$A$2336,'Data Cleaning in Medical Examin'!$D$2:$D$2336) -> 8.49 | E46: =_xlfn.XLOOKUP(A46,'Data Cleaning in Medical Examin'!$A$2:$A$2336,'Data Cleaning in Medical Examin'!$F$2:$F$2336) -> Yes | F46: =_xlfn.XLOOKUP(A46,'Data Cleaning in Medical Examin'!$A$2:$A$2336,'Data Cleaning in Medical Examin'!$G$2:$G$2336) -> No | G46: =_xlfn.XLOOKUP(A46,'Data Cleaning in Medical Examin'!$A$2:$A$2336,'Data Cleaning in Medical Examin'!$H$2:$H$2336) -> No | H46: =_xlfn.XLOOKUP(A46,'Data Cleaning in Medical Examin'!$A$2:$A$2336,'Data Cleaning in Medical Examin'!$I$2:$I$2336) -> 1 Major Surgery | I46: =_xlfn.XLOOKUP(A46,'Data Cleaning in Medical Examin'!$A$2:$A$2336,'Data Cleaning in Medical Examin'!$J$2:$J$2336) -> Yes | J46: =_xlfn.XLOOKUP(A46,'Data Cleaning in Medical Examin'!$A$2:$A$2336,'Data Cleaning in Medical Examin'!$C$2:$C$2336) -> Obesity | K46: =_xlfn.XLOOKUP(A46,'Data Cleaning in Medical Examin'!$A$2:$A$2336,'Data Cleaning in Medical Examin'!$E$2:$E$2336) -> Diabetes | L46: =_xlfn.XLOOKUP(A46,'DataCleaning in Hospitalisation'!$A$2:$A$2339,'DataCleaning in Hospitalisation'!$E$2:$E$2339) -> 25-Oct-1966 | M46: =_xlfn.XLOOKUP(A46,'DataCleaning in Hospitalisation'!$A$2:$A$2339,'DataCleaning in Hospitalisation'!$H$2:$H$2339) -> 43813.87 | N46: =_xlfn.XLOOKUP(A46,'DataCleaning in Hospitalisation'!$A$2:$A$2339,'DataCleaning in Hospitalisation'!$I$2:$I$2339) -> tier - 2 | O46: =_xlfn.XLOOKUP(A46,'DataCleaning in Hospitalisation'!$A$2:$A$2339,'DataCleaning in Hospitalisation'!$J$2:$J$2339) -> tier - 2 | P46: =_xlfn.XLOOKUP(A46,'DataCleaning in Hospitalisation'!$A$2:$A$2339,'DataCleaning in Hospitalisation'!$K$2:$K$2339) -> R1013 | Q46: =_xlfn.XLOOKUP(A46,'DataCleaning in Hospitalisation'!$A$2:$A$2339,'DataCleaning in Hospitalisation'!$F$2:$F$2339) -> 57 | U46: tier - 3 | V46: 1 | X46: Id1037 | Y46: 10806.84 | AJ46: Id1037 | AK46: 10806.84
A47: Id46 | B47: =_xlfn.XLOOKUP(A47,'Customer Names'!$A$2:$A$2336,'Customer Names'!$C$2:$C$2336) -> Ms.Brianna | C47: =_xlfn.XLOOKUP(A47,'Data Cleaning in Medical Examin'!$A$2:$A$2336,'Data Cleaning in Medical Examin'!$B$2:$B$2336) -> 30.21 | D47: =_xlfn.XLOOKUP(A47,'Data Cleaning in Medical Examin'!$A$2:$A$2336,'Data Cleaning in Medical Examin'!$D$2:$D$2336) -> 5.34 | E47: =_xlfn.XLOOKUP(A47,'Data Cleaning in Medical Examin'!$A$2:$A$2336,'Data Cleaning in Medical Examin'!$F$2:$F$2336) -> Yes | F47: =_xlfn.XLOOKUP(A47,'Data Cleaning in Medical Examin'!$A$2:$A$2336,'Data Cleaning in Medical Examin'!$G$2:$G$2336) -> No | G47: =_xlfn.XLOOKUP(A47,'Data Cleaning in Medical Examin'!$A$2:$A$2336,'Data Cleaning in Medical Examin'!$H$2:$H$2336) -> No | H47: =_xlfn.XLOOKUP(A47,'Data Cleaning in Medical Examin'!$A$2:$A$2336,'Data Cleaning in Medical Examin'!$I$2:$I$2336) -> 1 Major Surgery | I47: =_xlfn.XLOOKUP(A47,'Data Cleaning in Medical Examin'!$A$2:$A$2336,'Data Cleaning in Medical Examin'!$J$2:$J$2336) -> Yes | J47: =_xlfn.XLOOKUP(A47,'Data Cleaning in Medical Examin'!$A$2:$A$2336,'Data Cleaning in Medical Examin'!$C$2:$C$2336) -> Obesity | K47: =_xlfn.XLOOKUP(A47,'Data Cleaning in Medical Examin'!$A$2:$A$2336,'Data Cleaning in Medical Examin'!$E$2:$E$2336) -> Normal | L47: =_xlfn.XLOOKUP(A47,'DataCleaning in Hospitalisation'!$A$2:$A$2339,'DataCleaning in Hospitalisation'!$E$2:$E$2339) -> 29-Dec-1986 | M47: =_xlfn.XLOOKUP(A47,'DataCleaning in Hospitalisation'!$A$2:$A$2339,'DataCleaning in Hospitalisation'!$H$2:$H$2339) -> 43753.34 | N47: =_xlfn.XLOOKUP(A47,'DataCleaning in Hospitalisation'!$A$2:$A$2339,'DataCleaning in Hospitalisation'!$I$2:$I$2339) -> tier - 2 | O47: =_xlfn.XLOOKUP(A47,'DataCleaning in Hospitalisation'!$A$2:$A$2339,'DataCleaning in Hospitalisation'!$J$2:$J$2339) -> tier - 1 | P47: =_xlfn.XLOOKUP(A47,'DataCleaning in Hospitalisation'!$A$2:$A$2339,'DataCleaning in Hospitalisation'!$K$2:$K$2339) -> R1015 | Q47: =_xlfn.XLOOKUP(A47,'DataCleaning in Hospitalisation'!$A$2:$A$2339,'DataCleaning in Hospitalisation'!$F$2:$F$2339) -> 37 | U47: 2 Major Surgery | V47: 1 | X47: Id1038 | Y47: 10797.34 | AJ47: Id1038 | AK47: 10797.34
... A2336: Id2335 | B2336: =_xlfn.XLOOKUP(A2336,'Customer Names'!$A$2:$A$2336,'Customer Names'!$C$2:$C$2336) -> Mr.Aaron | C2336: =_xlfn.XLOOKUP(A2336,'Data Cleaning in Medical Examin'!$A$2:$A$2336,'Data Cleaning in Medical Examin'!$B$2:$B$2336) -> 17.58 | D2336: =_xlfn.XLOOKUP(A2336,'Data Cleaning in Medical Examin'!$A$2:$A$2336,'Data Cleaning in Medical Examin'!$D$2:$D$2336) -> 4.51 | E2336: =_xlfn.XLOOKUP(A2336,'Data Cleaning in Medical Examin'!$A$2:$A$2336,'Data Cleaning in Medical Examin'!$F$2:$F$2336) -> No | F2336: =_xlfn.XLOOKUP(A2336,'Data Cleaning in Medical Examin'!$A$2:$A$2336,'Data Cleaning in Medical Examin'!$G$2:$G$2336) -> No | G2336: =_xlfn.XLOOKUP(A2336,'Data Cleaning in Medical Examin'!$A$2:$A$2336,'Data Cleaning in Medical Examin'!$H$2:$H$2336) -> No | H2336: =_xlfn.XLOOKUP(A2336,'Data Cleaning in Medical Examin'!$A$2:$A$2336,'Data Cleaning in Medical Examin'!$I$2:$I$2336) -> 1 Major Surgery | I2336: =_xlfn.XLOOKUP(A2336,'Data Cleaning in Medical Examin'!$A$2:$A$2336,'Data Cleaning in Medical Examin'!$J$2:$J$2336) -> No | J2336: =_xlfn.XLOOKUP(A2336,'Data Cleaning in Medical Examin'!$A$2:$A$2336,'Data Cleaning in Medical Examin'!$C$2:$C$2336) -> Under Weight | K2336: =_xlfn.XLOOKUP(A2336,'Data Cleaning in Medical Examin'!$A$2:$A$2336,'Data Cleaning in Medical Examin'!$E$2:$E$2336) -> Normal | L2336: =_xlfn.XLOOKUP(A2336,'DataCleaning in Hospitalisation'!$A$2:$A$2339,'DataCleaning in Hospitalisation'!$E$2:$E$2339) -> 9-Jul-1992 | M2336: =_xlfn.XLOOKUP(A2336,'DataCleaning in Hospitalisation'!$A$2:$A$2339,'DataCleaning in Hospitalisation'!$H$2:$H$2339) -> 563.84 | N2336: =_xlfn.XLOOKUP(A2336,'DataCleaning in Hospitalisation'!$A$2:$A$2339,'DataCleaning in Hospitalisation'!$I$2:$I$2339) -> tier - 2 | O2336: =_xlfn.XLOOKUP(A2336,'DataCleaning in Hospitalisation'!$A$2:$A$2339,'DataCleaning in Hospitalisation'!$J$2:$J$2339) -> tier - 3 | P2336: =_xlfn.XLOOKUP(A2336,'DataCleaning in Hospitalisation'!$A$2:$A$2339,'DataCleaning in Hospitalisation'!$K$2:$K$2339) -> R1013 | Q2336: =_xlfn.XLOOKUP(A2336,'DataCleaning in Hospitalisation'!$A$2:$A$2339,'DataCleaning in Hospitalisation'!$F$2:$F$2339) -> 31 | U2336: Yes | V2336: 1 | X2336: Id998 | Y2336: 11250.43 | AJ2336: Id998 | AK2336: 11250.43
U2337: Id1349 | V2337: 1 | X2337: Id999 | Y2337: 11244.38 | AJ2337: Id999 | AK2337: 11244.38
A2338: Sum | B2338: =SUM(B2:B2336) -> 0 | C2338: =SUM(C2:C2336) -> 72321.135 | D2338: =SUM(D2:D2336) -> 15361.96 | E2338: =SUM(E2:E2336) -> 0 | F2338: =SUM(F2:F2336) -> 0 | G2338: =SUM(G2:G2336) -> 0 | H2338: =SUM(H2:H2336) -> 0 | I2338: =SUM(I2:I2336) -> 0 | ... Q2338: =SUM(Q2:Q2336) -> 93776 | U2338: tier - 2 | V2338: 1 | X2338: Grand Total | Y2338: 31412500 | AJ2338: Grand Total | AK2338: 13452.891
A2339: Average | B2339: =AVERAGE(B2:B2338) -> 0 | C2339: =AVERAGE(C2:C2338) -> 61.91878 | D2339: =AVERAGE(D2:D2338) -> 13.152363 | E2339: =AVERAGE(E2:E2338) -> 0 | F2339: =AVERAGE(F2:F2338) -> 0 | G2339: =AVERAGE(G2:G2338) -> 0 | H2339: =AVERAGE(H2:H2338) -> 0 | I2339: =AVERAGE(I2:I2338) -> 0 | ... Q2339: =AVERAGE(Q2:Q2338) -> 80.287671 | U2339: No Major Surgery | V2339: 1
A2340: Count | B2340: =COUNTA(B2:B2339) -> 2337 | C2340: =COUNTA(C2:C2339) -> 2337 | D2340: =COUNTA(D2:D2339) -> 2337 | E2340: =COUNTA(E2:E2339) -> 2337 | F2340: =COUNTA(F2:F2339) -> 2337 | G2340: =COUNTA(G2:G2339) -> 2337 | H2340: =COUNTA(H2:H2339) -> 2337 | I2340: =COUNTA(I2:I2339) -> 2337 | ... Q2340: =COUNTA(Q2:Q2339) -> 2337 | U2340: tier - 2 | V2340: 1
U2341: No | V2341: 1
U2342: No | V2342: 1
U2343: Id135 | V2343: 1
U2344: tier - 2 | V2344: 1
U2345: 1 Major Surgery | V2345: 1
U2346: tier - 2 | V2346: 1
U2347: No | V2347: 1
U2348: Yes | V2348: 1
U2349: Id1350 | V2349: 1
U2350: tier - 3 | V2350: 1
U2351: No Major Surgery | V2351: 1
U2352: tier - 2 | V2352: 1
... U14013: Grand Total | V14013: 2335

Sheet Pivot tables with charts
R4: Row Labels | S4: Count of Smoker
R5: No | S5: 1944
R6: Yes | S6: 391
R7: Grand Total | S7: 2335
R20: Row Labels | S20: Count of Charges | U20: Row Labels | V20: Sum of Charges
R21: Under Weight | S21: 176 | U21: Normal Weight | V21: 4291538.8
R22: Grand Total | S22: 176 | U22: Obesity | V22: 20197226
U23: Over Weight | V23: 5712304.2
U24: Under Weight | V24: 1211430.7
U25: Grand Total | V25: 31412500
B43: I am Create the Pivot Table with Charts also..
B44: I analyse from the raw data to clean and without error in this data set
B45: I am using the Pie and Donut Chart for cancer distribution among Smoker Vs Non Smoker
B46: I am using the Line Chart for Weight Status Vs Sum And count of Charges

Sheet Dashboard
A1: Health Care Dashboard
